--
-- PostgreSQL database dump
--

-- Dumped from database version 17.2
-- Dumped by pg_dump version 17.2

SET statement_timeout = 0;
SET lock_timeout = 0;
SET idle_in_transaction_session_timeout = 0;
SET transaction_timeout = 0;
SET client_encoding = 'UTF8';
SET standard_conforming_strings = on;
SELECT pg_catalog.set_config('search_path', '', false);
SET check_function_bodies = false;
SET xmloption = content;
SET client_min_messages = warning;
SET row_security = off;

SET default_tablespace = '';

SET default_table_access_method = heap;

--
-- Name: Anaconda_bus_APP_attendance; Type: TABLE; Schema: public; Owner: postgres
--

CREATE TABLE public."Anaconda_bus_APP_attendance" (
    id integer NOT NULL,
    name character varying(100) NOT NULL,
    user_id character varying(100) NOT NULL,
    category character varying(255) NOT NULL,
    subscription_start_date date NOT NULL,
    subscription_end_date date NOT NULL,
    attendance_date date NOT NULL,
    attendance_status character varying(10) NOT NULL,
    departure_status character varying(10) NOT NULL,
    ride_deducted boolean NOT NULL
);


ALTER TABLE public."Anaconda_bus_APP_attendance" OWNER TO postgres;

--
-- Name: Anaconda_bus_APP_attendance_id_seq; Type: SEQUENCE; Schema: public; Owner: postgres
--

ALTER TABLE public."Anaconda_bus_APP_attendance" ALTER COLUMN id ADD GENERATED BY DEFAULT AS IDENTITY (
    SEQUENCE NAME public."Anaconda_bus_APP_attendance_id_seq"
    START WITH 1
    INCREMENT BY 1
    NO MINVALUE
    NO MAXVALUE
    CACHE 1
);


--
-- Name: Anaconda_bus_APP_booking; Type: TABLE; Schema: public; Owner: postgres
--

CREATE TABLE public."Anaconda_bus_APP_booking" (
    id integer NOT NULL,
    status character varying(20) NOT NULL,
    attendance_status character varying(10) NOT NULL,
    booking_date timestamp with time zone,
    transfer_message text,
    payment_method character varying(50) NOT NULL,
    transaction_number character varying(100),
    mobile_number character varying(15),
    transaction_image character varying(100),
    trip_type character varying(20) NOT NULL,
    serial_code character varying(100),
    user_id integer NOT NULL,
    passenger_id integer NOT NULL,
    "Trip_id" integer NOT NULL,
    selected_route character varying(255)
);


ALTER TABLE public."Anaconda_bus_APP_booking" OWNER TO postgres;

--
-- Name: Anaconda_bus_APP_booking_id_seq; Type: SEQUENCE; Schema: public; Owner: postgres
--

ALTER TABLE public."Anaconda_bus_APP_booking" ALTER COLUMN id ADD GENERATED BY DEFAULT AS IDENTITY (
    SEQUENCE NAME public."Anaconda_bus_APP_booking_id_seq"
    START WITH 1
    INCREMENT BY 1
    NO MINVALUE
    NO MAXVALUE
    CACHE 1
);


--
-- Name: Anaconda_bus_APP_booking_seats_reserved; Type: TABLE; Schema: public; Owner: postgres
--

CREATE TABLE public."Anaconda_bus_APP_booking_seats_reserved" (
    id integer NOT NULL,
    booking_id integer NOT NULL,
    seat_id integer NOT NULL
);


ALTER TABLE public."Anaconda_bus_APP_booking_seats_reserved" OWNER TO postgres;

--
-- Name: Anaconda_bus_APP_booking_seats_reserved_id_seq; Type: SEQUENCE; Schema: public; Owner: postgres
--

ALTER TABLE public."Anaconda_bus_APP_booking_seats_reserved" ALTER COLUMN id ADD GENERATED BY DEFAULT AS IDENTITY (
    SEQUENCE NAME public."Anaconda_bus_APP_booking_seats_reserved_id_seq"
    START WITH 1
    INCREMENT BY 1
    NO MINVALUE
    NO MAXVALUE
    CACHE 1
);


--
-- Name: Anaconda_bus_APP_bus; Type: TABLE; Schema: public; Owner: postgres
--

CREATE TABLE public."Anaconda_bus_APP_bus" (
    id integer NOT NULL,
    name character varying(100) NOT NULL,
    capacity integer NOT NULL,
    plate_number character varying(50) NOT NULL,
    bus_type character varying(100) NOT NULL,
    location_url character varying(200),
    latitude double precision,
    longitude double precision,
    is_active boolean NOT NULL,
    seats_image character varying(100),
    "Bus_driver_id" integer,
    category_id integer NOT NULL,
    driver_number character varying(50),
    CONSTRAINT "Anaconda_bus_APP_bus_capacity_check" CHECK ((capacity >= 0))
);


ALTER TABLE public."Anaconda_bus_APP_bus" OWNER TO postgres;

--
-- Name: Anaconda_bus_APP_bus_id_seq; Type: SEQUENCE; Schema: public; Owner: postgres
--

ALTER TABLE public."Anaconda_bus_APP_bus" ALTER COLUMN id ADD GENERATED BY DEFAULT AS IDENTITY (
    SEQUENCE NAME public."Anaconda_bus_APP_bus_id_seq"
    START WITH 1
    INCREMENT BY 1
    NO MINVALUE
    NO MAXVALUE
    CACHE 1
);


--
-- Name: Anaconda_bus_APP_category; Type: TABLE; Schema: public; Owner: postgres
--

CREATE TABLE public."Anaconda_bus_APP_category" (
    id integer NOT NULL,
    name character varying(64) NOT NULL
);


ALTER TABLE public."Anaconda_bus_APP_category" OWNER TO postgres;

--
-- Name: Anaconda_bus_APP_category_id_seq; Type: SEQUENCE; Schema: public; Owner: postgres
--

ALTER TABLE public."Anaconda_bus_APP_category" ALTER COLUMN id ADD GENERATED BY DEFAULT AS IDENTITY (
    SEQUENCE NAME public."Anaconda_bus_APP_category_id_seq"
    START WITH 1
    INCREMENT BY 1
    NO MINVALUE
    NO MAXVALUE
    CACHE 1
);


--
-- Name: Anaconda_bus_APP_destination; Type: TABLE; Schema: public; Owner: postgres
--

CREATE TABLE public."Anaconda_bus_APP_destination" (
    id integer NOT NULL,
    name character varying(100) NOT NULL
);


ALTER TABLE public."Anaconda_bus_APP_destination" OWNER TO postgres;

--
-- Name: Anaconda_bus_APP_destination_id_seq; Type: SEQUENCE; Schema: public; Owner: postgres
--

ALTER TABLE public."Anaconda_bus_APP_destination" ALTER COLUMN id ADD GENERATED BY DEFAULT AS IDENTITY (
    SEQUENCE NAME public."Anaconda_bus_APP_destination_id_seq"
    START WITH 1
    INCREMENT BY 1
    NO MINVALUE
    NO MAXVALUE
    CACHE 1
);


--
-- Name: Anaconda_bus_APP_passenger; Type: TABLE; Schema: public; Owner: postgres
--

CREATE TABLE public."Anaconda_bus_APP_passenger" (
    id integer NOT NULL,
    university_code character varying(20),
    phone_number character varying(20),
    name character varying(64) NOT NULL,
    subscription_duration integer NOT NULL,
    subscription_start_date date,
    subscription_end_date date,
    qr_code bytea,
    rides_used integer NOT NULL,
    category_id integer NOT NULL,
    user_id integer
);


ALTER TABLE public."Anaconda_bus_APP_passenger" OWNER TO postgres;

--
-- Name: Anaconda_bus_APP_passenger_id_seq; Type: SEQUENCE; Schema: public; Owner: postgres
--

ALTER TABLE public."Anaconda_bus_APP_passenger" ALTER COLUMN id ADD GENERATED BY DEFAULT AS IDENTITY (
    SEQUENCE NAME public."Anaconda_bus_APP_passenger_id_seq"
    START WITH 1
    INCREMENT BY 1
    NO MINVALUE
    NO MAXVALUE
    CACHE 1
);


--
-- Name: Anaconda_bus_APP_payment; Type: TABLE; Schema: public; Owner: postgres
--

CREATE TABLE public."Anaconda_bus_APP_payment" (
    id integer NOT NULL,
    payment_type character varying(10),
    payment character varying(20) NOT NULL,
    total_amount numeric(10,2),
    booking_id integer
);


ALTER TABLE public."Anaconda_bus_APP_payment" OWNER TO postgres;

--
-- Name: Anaconda_bus_APP_payment_id_seq; Type: SEQUENCE; Schema: public; Owner: postgres
--

ALTER TABLE public."Anaconda_bus_APP_payment" ALTER COLUMN id ADD GENERATED BY DEFAULT AS IDENTITY (
    SEQUENCE NAME public."Anaconda_bus_APP_payment_id_seq"
    START WITH 1
    INCREMENT BY 1
    NO MINVALUE
    NO MAXVALUE
    CACHE 1
);


--
-- Name: Anaconda_bus_APP_paymentaccount; Type: TABLE; Schema: public; Owner: postgres
--

CREATE TABLE public."Anaconda_bus_APP_paymentaccount" (
    id integer NOT NULL,
    payment_option character varying(20) NOT NULL,
    account_name character varying(100) NOT NULL,
    account_number character varying(50) NOT NULL,
    additional_info text
);


ALTER TABLE public."Anaconda_bus_APP_paymentaccount" OWNER TO postgres;

--
-- Name: Anaconda_bus_APP_paymentaccount_id_seq; Type: SEQUENCE; Schema: public; Owner: postgres
--

ALTER TABLE public."Anaconda_bus_APP_paymentaccount" ALTER COLUMN id ADD GENERATED BY DEFAULT AS IDENTITY (
    SEQUENCE NAME public."Anaconda_bus_APP_paymentaccount_id_seq"
    START WITH 1
    INCREMENT BY 1
    NO MINVALUE
    NO MAXVALUE
    CACHE 1
);


--
-- Name: Anaconda_bus_APP_route; Type: TABLE; Schema: public; Owner: postgres
--

CREATE TABLE public."Anaconda_bus_APP_route" (
    id integer NOT NULL,
    from_location character varying(100) NOT NULL,
    to_location character varying(100) NOT NULL,
    date date NOT NULL
);


ALTER TABLE public."Anaconda_bus_APP_route" OWNER TO postgres;

--
-- Name: Anaconda_bus_APP_route_id_seq; Type: SEQUENCE; Schema: public; Owner: postgres
--

ALTER TABLE public."Anaconda_bus_APP_route" ALTER COLUMN id ADD GENERATED BY DEFAULT AS IDENTITY (
    SEQUENCE NAME public."Anaconda_bus_APP_route_id_seq"
    START WITH 1
    INCREMENT BY 1
    NO MINVALUE
    NO MAXVALUE
    CACHE 1
);


--
-- Name: Anaconda_bus_APP_seat; Type: TABLE; Schema: public; Owner: postgres
--

CREATE TABLE public."Anaconda_bus_APP_seat" (
    id integer NOT NULL,
    seat_number integer NOT NULL,
    is_reserved boolean NOT NULL,
    trip_date date,
    bus_id integer NOT NULL
);


ALTER TABLE public."Anaconda_bus_APP_seat" OWNER TO postgres;

--
-- Name: Anaconda_bus_APP_seat_id_seq; Type: SEQUENCE; Schema: public; Owner: postgres
--

ALTER TABLE public."Anaconda_bus_APP_seat" ALTER COLUMN id ADD GENERATED BY DEFAULT AS IDENTITY (
    SEQUENCE NAME public."Anaconda_bus_APP_seat_id_seq"
    START WITH 1
    INCREMENT BY 1
    NO MINVALUE
    NO MAXVALUE
    CACHE 1
);


--
-- Name: Anaconda_bus_APP_trip; Type: TABLE; Schema: public; Owner: postgres
--

CREATE TABLE public."Anaconda_bus_APP_trip" (
    id integer NOT NULL,
    route text NOT NULL,
    trip_name text NOT NULL,
    date date,
    start_time time without time zone NOT NULL,
    trip_type character varying(20) NOT NULL,
    one_way_price numeric(6,2) NOT NULL,
    return_price numeric(6,2) NOT NULL,
    round_trip_price numeric(6,2) NOT NULL,
    is_active boolean NOT NULL,
    next_trip_date timestamp with time zone,
    is_old boolean NOT NULL,
    bus_id integer NOT NULL,
    end_destination_id integer,
    start_destination_id integer
);


ALTER TABLE public."Anaconda_bus_APP_trip" OWNER TO postgres;

--
-- Name: Anaconda_bus_APP_trip_id_seq; Type: SEQUENCE; Schema: public; Owner: postgres
--

ALTER TABLE public."Anaconda_bus_APP_trip" ALTER COLUMN id ADD GENERATED BY DEFAULT AS IDENTITY (
    SEQUENCE NAME public."Anaconda_bus_APP_trip_id_seq"
    START WITH 1
    INCREMENT BY 1
    NO MINVALUE
    NO MAXVALUE
    CACHE 1
);


--
-- Name: admin_interface_theme; Type: TABLE; Schema: public; Owner: postgres
--

CREATE TABLE public.admin_interface_theme (
    id integer NOT NULL,
    name character varying(50) NOT NULL,
    active boolean NOT NULL,
    title character varying(50) NOT NULL,
    title_visible boolean NOT NULL,
    logo character varying(100) NOT NULL,
    logo_visible boolean NOT NULL,
    css_header_background_color character varying(10) NOT NULL,
    title_color character varying(10) NOT NULL,
    css_header_text_color character varying(10) NOT NULL,
    css_header_link_color character varying(10) NOT NULL,
    css_header_link_hover_color character varying(10) NOT NULL,
    css_module_background_color character varying(10) NOT NULL,
    css_module_text_color character varying(10) NOT NULL,
    css_module_link_color character varying(10) NOT NULL,
    css_module_link_hover_color character varying(10) NOT NULL,
    css_module_rounded_corners boolean NOT NULL,
    css_generic_link_color character varying(10) NOT NULL,
    css_generic_link_hover_color character varying(10) NOT NULL,
    css_save_button_background_color character varying(10) NOT NULL,
    css_save_button_background_hover_color character varying(10) NOT NULL,
    css_save_button_text_color character varying(10) NOT NULL,
    css_delete_button_background_color character varying(10) NOT NULL,
    css_delete_button_background_hover_color character varying(10) NOT NULL,
    css_delete_button_text_color character varying(10) NOT NULL,
    list_filter_dropdown boolean NOT NULL,
    related_modal_active boolean NOT NULL,
    related_modal_background_color character varying(10) NOT NULL,
    related_modal_rounded_corners boolean NOT NULL,
    logo_color character varying(10) NOT NULL,
    recent_actions_visible boolean NOT NULL,
    favicon character varying(100) NOT NULL,
    related_modal_background_opacity character varying(5) NOT NULL,
    env_name character varying(50) NOT NULL,
    env_visible_in_header boolean NOT NULL,
    env_color character varying(10) NOT NULL,
    env_visible_in_favicon boolean NOT NULL,
    related_modal_close_button_visible boolean NOT NULL,
    language_chooser_active boolean NOT NULL,
    language_chooser_display character varying(10) NOT NULL,
    list_filter_sticky boolean NOT NULL,
    form_pagination_sticky boolean NOT NULL,
    form_submit_sticky boolean NOT NULL,
    css_module_background_selected_color character varying(10) NOT NULL,
    css_module_link_selected_color character varying(10) NOT NULL,
    logo_max_height smallint NOT NULL,
    logo_max_width smallint NOT NULL,
    foldable_apps boolean NOT NULL,
    language_chooser_control character varying(20) NOT NULL,
    list_filter_highlight boolean NOT NULL,
    list_filter_removal_links boolean NOT NULL,
    show_fieldsets_as_tabs boolean NOT NULL,
    show_inlines_as_tabs boolean NOT NULL,
    css_generic_link_active_color character varying(10) NOT NULL,
    collapsible_stacked_inlines boolean NOT NULL,
    collapsible_stacked_inlines_collapsed boolean NOT NULL,
    collapsible_tabular_inlines boolean NOT NULL,
    collapsible_tabular_inlines_collapsed boolean NOT NULL,
    CONSTRAINT admin_interface_theme_logo_max_height_check CHECK ((logo_max_height >= 0)),
    CONSTRAINT admin_interface_theme_logo_max_width_check CHECK ((logo_max_width >= 0))
);


ALTER TABLE public.admin_interface_theme OWNER TO postgres;

--
-- Name: admin_interface_theme_id_seq; Type: SEQUENCE; Schema: public; Owner: postgres
--

ALTER TABLE public.admin_interface_theme ALTER COLUMN id ADD GENERATED BY DEFAULT AS IDENTITY (
    SEQUENCE NAME public.admin_interface_theme_id_seq
    START WITH 1
    INCREMENT BY 1
    NO MINVALUE
    NO MAXVALUE
    CACHE 1
);


--
-- Name: auth_group; Type: TABLE; Schema: public; Owner: postgres
--

CREATE TABLE public.auth_group (
    id integer NOT NULL,
    name character varying(150) NOT NULL
);


ALTER TABLE public.auth_group OWNER TO postgres;

--
-- Name: auth_group_id_seq; Type: SEQUENCE; Schema: public; Owner: postgres
--

ALTER TABLE public.auth_group ALTER COLUMN id ADD GENERATED BY DEFAULT AS IDENTITY (
    SEQUENCE NAME public.auth_group_id_seq
    START WITH 1
    INCREMENT BY 1
    NO MINVALUE
    NO MAXVALUE
    CACHE 1
);


--
-- Name: auth_group_permissions; Type: TABLE; Schema: public; Owner: postgres
--

CREATE TABLE public.auth_group_permissions (
    id integer NOT NULL,
    group_id integer NOT NULL,
    permission_id integer NOT NULL
);


ALTER TABLE public.auth_group_permissions OWNER TO postgres;

--
-- Name: auth_group_permissions_id_seq; Type: SEQUENCE; Schema: public; Owner: postgres
--

ALTER TABLE public.auth_group_permissions ALTER COLUMN id ADD GENERATED BY DEFAULT AS IDENTITY (
    SEQUENCE NAME public.auth_group_permissions_id_seq
    START WITH 1
    INCREMENT BY 1
    NO MINVALUE
    NO MAXVALUE
    CACHE 1
);


--
-- Name: auth_permission; Type: TABLE; Schema: public; Owner: postgres
--

CREATE TABLE public.auth_permission (
    id integer NOT NULL,
    name character varying(255) NOT NULL,
    content_type_id integer NOT NULL,
    codename character varying(100) NOT NULL
);


ALTER TABLE public.auth_permission OWNER TO postgres;

--
-- Name: auth_permission_id_seq; Type: SEQUENCE; Schema: public; Owner: postgres
--

ALTER TABLE public.auth_permission ALTER COLUMN id ADD GENERATED BY DEFAULT AS IDENTITY (
    SEQUENCE NAME public.auth_permission_id_seq
    START WITH 1
    INCREMENT BY 1
    NO MINVALUE
    NO MAXVALUE
    CACHE 1
);


--
-- Name: auth_user; Type: TABLE; Schema: public; Owner: postgres
--

CREATE TABLE public.auth_user (
    id integer NOT NULL,
    password character varying(128) NOT NULL,
    last_login timestamp with time zone,
    is_superuser boolean NOT NULL,
    username character varying(150) NOT NULL,
    first_name character varying(150) NOT NULL,
    last_name character varying(150) NOT NULL,
    email character varying(254) NOT NULL,
    is_staff boolean NOT NULL,
    is_active boolean NOT NULL,
    date_joined timestamp with time zone NOT NULL
);


ALTER TABLE public.auth_user OWNER TO postgres;

--
-- Name: auth_user_groups; Type: TABLE; Schema: public; Owner: postgres
--

CREATE TABLE public.auth_user_groups (
    id integer NOT NULL,
    user_id integer NOT NULL,
    group_id integer NOT NULL
);


ALTER TABLE public.auth_user_groups OWNER TO postgres;

--
-- Name: auth_user_groups_id_seq; Type: SEQUENCE; Schema: public; Owner: postgres
--

ALTER TABLE public.auth_user_groups ALTER COLUMN id ADD GENERATED BY DEFAULT AS IDENTITY (
    SEQUENCE NAME public.auth_user_groups_id_seq
    START WITH 1
    INCREMENT BY 1
    NO MINVALUE
    NO MAXVALUE
    CACHE 1
);


--
-- Name: auth_user_id_seq; Type: SEQUENCE; Schema: public; Owner: postgres
--

ALTER TABLE public.auth_user ALTER COLUMN id ADD GENERATED BY DEFAULT AS IDENTITY (
    SEQUENCE NAME public.auth_user_id_seq
    START WITH 1
    INCREMENT BY 1
    NO MINVALUE
    NO MAXVALUE
    CACHE 1
);


--
-- Name: auth_user_user_permissions; Type: TABLE; Schema: public; Owner: postgres
--

CREATE TABLE public.auth_user_user_permissions (
    id integer NOT NULL,
    user_id integer NOT NULL,
    permission_id integer NOT NULL
);


ALTER TABLE public.auth_user_user_permissions OWNER TO postgres;

--
-- Name: auth_user_user_permissions_id_seq; Type: SEQUENCE; Schema: public; Owner: postgres
--

ALTER TABLE public.auth_user_user_permissions ALTER COLUMN id ADD GENERATED BY DEFAULT AS IDENTITY (
    SEQUENCE NAME public.auth_user_user_permissions_id_seq
    START WITH 1
    INCREMENT BY 1
    NO MINVALUE
    NO MAXVALUE
    CACHE 1
);


--
-- Name: django_admin_log; Type: TABLE; Schema: public; Owner: postgres
--

CREATE TABLE public.django_admin_log (
    id integer NOT NULL,
    action_time timestamp with time zone NOT NULL,
    object_id text,
    object_repr character varying(200) NOT NULL,
    action_flag smallint NOT NULL,
    change_message text NOT NULL,
    content_type_id integer,
    user_id integer NOT NULL,
    CONSTRAINT django_admin_log_action_flag_check CHECK ((action_flag >= 0))
);


ALTER TABLE public.django_admin_log OWNER TO postgres;

--
-- Name: django_admin_log_id_seq; Type: SEQUENCE; Schema: public; Owner: postgres
--

ALTER TABLE public.django_admin_log ALTER COLUMN id ADD GENERATED BY DEFAULT AS IDENTITY (
    SEQUENCE NAME public.django_admin_log_id_seq
    START WITH 1
    INCREMENT BY 1
    NO MINVALUE
    NO MAXVALUE
    CACHE 1
);


--
-- Name: django_content_type; Type: TABLE; Schema: public; Owner: postgres
--

CREATE TABLE public.django_content_type (
    id integer NOT NULL,
    app_label character varying(100) NOT NULL,
    model character varying(100) NOT NULL
);


ALTER TABLE public.django_content_type OWNER TO postgres;

--
-- Name: django_content_type_id_seq; Type: SEQUENCE; Schema: public; Owner: postgres
--

ALTER TABLE public.django_content_type ALTER COLUMN id ADD GENERATED BY DEFAULT AS IDENTITY (
    SEQUENCE NAME public.django_content_type_id_seq
    START WITH 1
    INCREMENT BY 1
    NO MINVALUE
    NO MAXVALUE
    CACHE 1
);


--
-- Name: django_migrations; Type: TABLE; Schema: public; Owner: postgres
--

CREATE TABLE public.django_migrations (
    id integer NOT NULL,
    app character varying(255) NOT NULL,
    name character varying(255) NOT NULL,
    applied timestamp with time zone NOT NULL
);


ALTER TABLE public.django_migrations OWNER TO postgres;

--
-- Name: django_migrations_id_seq; Type: SEQUENCE; Schema: public; Owner: postgres
--

ALTER TABLE public.django_migrations ALTER COLUMN id ADD GENERATED BY DEFAULT AS IDENTITY (
    SEQUENCE NAME public.django_migrations_id_seq
    START WITH 1
    INCREMENT BY 1
    NO MINVALUE
    NO MAXVALUE
    CACHE 1
);


--
-- Name: django_session; Type: TABLE; Schema: public; Owner: postgres
--

CREATE TABLE public.django_session (
    session_key character varying(40) NOT NULL,
    session_data text NOT NULL,
    expire_date timestamp with time zone NOT NULL
);


ALTER TABLE public.django_session OWNER TO postgres;

--
-- Data for Name: Anaconda_bus_APP_attendance; Type: TABLE DATA; Schema: public; Owner: postgres
--

COPY public."Anaconda_bus_APP_attendance" (id, name, user_id, category, subscription_start_date, subscription_end_date, attendance_date, attendance_status, departure_status, ride_deducted) FROM stdin;
\.


--
-- Data for Name: Anaconda_bus_APP_booking; Type: TABLE DATA; Schema: public; Owner: postgres
--

COPY public."Anaconda_bus_APP_booking" (id, status, attendance_status, booking_date, transfer_message, payment_method, transaction_number, mobile_number, transaction_image, trip_type, serial_code, user_id, passenger_id, "Trip_id", selected_route) FROM stdin;
68	completed	absent	2025-01-06 00:42:57.108557+02	\N	online	1234567890	\N	transactions/transactions/Screenshot_2025-01-05_034328.png	round_trip	TRIP-BA587A10	1	1	33	لمب
60	inactive	absent	2025-01-05 22:54:36.128555+02	\N	cash		\N		round_trip	TRIP-E8571501	1	1	33	لمب 
61	inactive	absent	2025-01-05 22:54:44.760845+02	\N	cash		\N		round_trip	TRIP-C8F1D04C	1	1	33	لمب 
64	inactive	absent	2025-01-05 23:05:18.841915+02	\N	cash		\N		round_trip	TRIP-99CC7955	1	1	33	لمب 
66	inactive	absent	2025-01-05 23:07:19.95673+02	\N	cash		\N		round_trip	TRIP-BD474F02	1	1	33	لمب
67	inactive	present	2025-01-06 00:39:38.23183+02	\N	online		\N		round_trip	TRIP-79134CA4	1	1	33	لمب
62	inactive	absent	2025-01-05 22:57:27.783803+02	\N	cash		\N		round_trip	TRIP-335B61B3	1	1	31	بيرتي 
63	inactive	absent	2025-01-05 23:01:20.908178+02	\N	cash		\N		round_trip	TRIP-B63CFA8C	1	1	31	السلام  (9:20)
65	inactive	absent	2025-01-05 23:06:10.023451+02	\N	cash		\N		round_trip	TRIP-E28AA9FB	1	1	31	السلام  (9:20)
69	inactive	absent	2025-01-06 14:31:14.070839+02	\N	online		\N		round_trip	TRIP-D4A71B85	1	1	31	اول جمال
70	inactive	absent	2025-01-06 17:20:11.709795+02	\N	cash		\N		round_trip	TRIP-556C055E	1	1	35	السلام  (9:20)
71	active	absent	2025-01-06 18:58:31.87172+02	\N	cash	\N	\N		round_trip	TRIP-42884969	1	1	37	ال
72	completed	present	2025-01-06 19:09:11.005081+02	\N	cash	\N	\N		round_trip	TRIP-368DD5A5	1	1	36	العاشر (10:20)
\.


--
-- Data for Name: Anaconda_bus_APP_booking_seats_reserved; Type: TABLE DATA; Schema: public; Owner: postgres
--

COPY public."Anaconda_bus_APP_booking_seats_reserved" (id, booking_id, seat_id) FROM stdin;
66	60	19
67	61	27
68	62	3
69	63	6
70	64	40
71	65	10
72	66	20
73	67	66
74	67	61
75	68	35
76	69	9
77	70	11
78	71	61
79	72	5
\.


--
-- Data for Name: Anaconda_bus_APP_bus; Type: TABLE DATA; Schema: public; Owner: postgres
--

COPY public."Anaconda_bus_APP_bus" (id, name, capacity, plate_number, bus_type, location_url, latitude, longitude, is_active, seats_image, "Bus_driver_id", category_id, driver_number) FROM stdin;
2	Amr shalaby	50	س ب ا 2 1 4	bmw	\N	\N	\N	t	bus_seats/Screenshot_2024-12-18_235550.png	1	1	010202020
1	;;;;;;;;;;;;;;	16	llllllllll	llllllllll	\N	\N	\N	t		1	3	123456789
\.


--
-- Data for Name: Anaconda_bus_APP_category; Type: TABLE DATA; Schema: public; Owner: postgres
--

COPY public."Anaconda_bus_APP_category" (id, name) FROM stdin;
1	;;;;;;;;;;;;;;
2	miu
3	السلام
4	اول جمال
5	بيرتي
\.


--
-- Data for Name: Anaconda_bus_APP_destination; Type: TABLE DATA; Schema: public; Owner: postgres
--

COPY public."Anaconda_bus_APP_destination" (id, name) FROM stdin;
1	السلام
2	جامعه بنها
\.


--
-- Data for Name: Anaconda_bus_APP_passenger; Type: TABLE DATA; Schema: public; Owner: postgres
--

COPY public."Anaconda_bus_APP_passenger" (id, university_code, phone_number, name, subscription_duration, subscription_start_date, subscription_end_date, qr_code, rides_used, category_id, user_id) FROM stdin;
2	123123	2356	اولي ثانوي	12	2024-12-22	2025-12-17	\\x89504e470d0a1a0a0000000d4948445200000212000002120100000000b1461b12000004e049444154789ced9d5d8ae33a10854f5d1bf228432f204bb177d6ccceeca564010df6a3c1a6ee4355c972a66f3397496b32e1e8213892f3214151aa3f29a2f8dd36fdf3db08800c32c820830c32c820830c320e86786b012cfe24d201de875d64b00f408625de1f1e3c0f32c8f88fa6aaaae85555756e54c7144fc7d7316d00e2c347f3cfc667590b19afcf585c3bcafbad853dc97515606981fed64275867d003814eda3e7410619bfc2d011bbe88feb2ae867400600983a005308a6f57df33cc820e34bc6d401e8e726c7557791f7b95117dba5bdffc113af858c97617c6a9fba9ca60de8554d6275845ba5b44fc9f8538c4944ccc17fbf85c6ec6f1775fb746e54de67d7a732603777fff1f320838c4f9b09e52979ba0ba60ea24078f953d740810d8a6517bd7bff69d642c6ab333c606a2ab25120a9cab088601211f4f32ec02262031e67a5bf4f4665868e698399a6e7666628507af93aa65544ba9d717e326a314c1275847bf4f1d4589f8ec5ab67ef29bc2cfa51647c3fa3d09840917b52f5dc5338f8453e6a0cd380724a462546c4a522420a841675559acea326ca2729a69c92f1ed8cd0a7b68b7bf2fe509b31ea8a5655c38eed193f25a31e038724c254e9a90ec5dee94d3a0f83206c01ca29193519aab7d694a5c79bd22a983a98eed41f11883adc2a19d22afef5b9d642c62b33d2064fdec79327a06cb851ff585a136a4c5da33efa6c6b21e3f518d9a30fdda99acd5020767b4498ea3cca7d9f8c4a8c931f3567619d8fd1cdf2fb65f5c90c1c552a945332be9f11fa54c349ea67b8c416ba33bb50bd6a5800945332ea314a7d7af48d004a7fdf7cfbed5498ca383f19b5199e2dcd11ffa3990235f7bf29b2a55e9bf2e0799041c6978cfe162550d3751519d206916b0e532d975331cad202935cf4cc78c43cc820e30b860c6915dffc974b849fe65da2fe14d07169a1a315f76d40af2bf52919b518d98fd222f75464f5735f118df2be68b44fc9f876c6cff552008e4352c599a9c371b2602b983725a33a23a946ca74b34352c5ed12fdbc47513f727574e2be4f4635c6a9ae2f82f8878e3d154db941e05900d6f591518f51d44b4509d496e3a71e443daafd914baa183f25a326e374ee4423979f2dd0d20c8dfa531cc24a3925a30ec30e8d0ab08b62e9a0f60400fdfc06e9e737f82b0910a459310dbb00e9a1f320838c2f5b19974a91bc3f02515e310d94097d80712932aa3262df0fffa8b045fbc234cd11aa5cdce745809453326a30f2bedf6e82b4b5d22b00a4ad552c61104cd755dc20483380a503b0b451baf22c6b21e37519e5be7f3e6f1aa74ce3f63373ab8a3a55d6f591518de197ef4c0300244f4c09d247abd375154c568cf2b609d28728d0a8f82bf99aa967590b19afcbc8f74a869e7433f45c7f7abc52245919e727a31aa3d8f7230b75925317d153fc34f771df27a32aa3fcbf13ec762d1fa66e97b8966fb78bfc443a206a5279ff2919b519160d9d01f8f16791e2b8ded4c591e871b978a6df0cd747cf830c323e6f85ab7f7ff8a9381f95d3fd1ad2c97d9f8c8a8c7b393d82f8658194e6f2a914255523403f8a8c5a8cfbbf2f11a40f0bfb2b968b0ab0b7009a4d0140fa19c074dd5ab188ffc3e6410619bfc24891b7b7a351ba418614e7f87a5ded7f23ed5dd7a73c6f4a4635c6e9dc49dcbf7bd49f5a5fce4c1de929de3341464d86dcdfc8ffffdbf42c6b21830c32c820830c32c820e3ef67fc0b5e23b4b21527d0170000000049454e44ae426082	0	1	2
3	000000	2356	كمياء علاء علي	16	2024-12-22	2026-04-16	\\x89504e470d0a1a0a0000000d4948445200000212000002120100000000b1461b12000004fd49444154789ced9d5b8ee3361045ef8d04f89302b2002f45dac12ca9314b9a1d884bf1021aa03e1b9050f9e0531ea727c1b815c5b8fce8b6f53820814291f5340dbf3bfc1fbf8d00c410430c31c410430c31c410a33298460f7200e049c20f00fc00705a48001be3c3d3929f9f9e3c0f31c4f894319a9959006cc6468c0100b0916f6123e0ccc8a133f861a3cde8ccccccf68c67cc430c311e8e3efd5f0660fc0110b818fc3703c7dbc5e009981fde7b03008e618bcf13e8d627ce430c313e1bfda38b1cc3d6c30f20e00230de7a00d87af3c33b38fe78fe3cc410e3df31dc0af8a18bc700602139a18b7b3ca7e581609f772d62bc1ac399d90cc0ecd6239f4f110fae0000923d6caecfd97acf78c63cc410e3138627490e002700c0d283518b16053a86cef876ebc1095b34f79f3f0f31c4783cec7e849d315ff4a9cde59571ffc27c96b588f1ba0c5499340b9da52ddfadedce3e8672d7cc6c766600cad7b3ac458cd76524391d436736bb15d17a1a2dc969f495ce00d25d5be35d484ec5389051e414456de63fb3abbeff6c38c547cc2c0aabe4548c2319692b7766e47505fc754536a1ba24937e000067064fd2be0f9de251621cc568f6fdf83d6df9e9045a5569ab6851d4abf4a91887308abd5f0ea42e594ac9c077c9071055e968f5082b7b5f8cc318f7ba335d0b28e61280b8f967532b7e925f4a8cc31936bb0f466fd4ec92316ff3d29753c1c6f6865b6378eae9f310438cbf198d5f2af94ff31e5fb6fcbaefb7fa3440e753318e62a4f3e9ecd2d1f4ce939f3f214967937aea6447897118a3b1a30014a56a251ee58a77d5f65128b766193fcb5ac4785d4696d3d06ad6ecce2fb12797fe542996bd2fc6918c6cefbb62db57bf94db25a3142d9aae05489f8a7114a368d1248939f5b4db5d8b917ea09e4ae3cb3a9f8a7124831336c640a91fd0e649a76bc507b0f4e95ae35d3dd75ac4784546a9e3eb9194e5bcf580fb20c61b910f045b0f38c0fcb700a6d294a0f8be18073362a6094960b924b31e40be16bfe632694fb255b9275b8b182fc868b2f4aa730ac943b54bf3abb97e35e14f769418c732968bc562d2e28822af2bc8ab593c9ffaeb0a8c213745a1f2fac4388ed1faf98b69642991af06a0f28db9bc562253d2a7627c3da3ade39bd1e5786871e7a782e9ae759dd65c3ff9a5c43886b1f3f3bb22b201408991d61494949102407527621cc9c8b610aab9d4e5307ea9ed9b81d22aad2bd12ac5f7c5388cd1c6f7db7ae7aa5e73027f740464955beb5324a7627c3da3899bd6fafdec744a75d1556251bd5633e49712e330c67d3f14147d9a32a7ac74a1b09aed5f4559722ac6c10c4e0b99c43186f12f063f241f14c98b01cb25eaddb619d509d722c66b326278d499c5baa758bfef5660bc919cdc07cdec837cb38fd8edbcc9fa3bdb5ac47841c6aebb49a8fefb75d75cb2de287ea9eac4d2be2fc697337e3a9f96a36934a146337bd4ada7cd9d3ecb5ac4785d46ccebcb9d4cbbd53cab277f23b0fcb9c61f3d01ba157e7847bc0600f6bc798821c63f608c250a3586621f01a86154b3b0311958ae769f7af23cc410e3f148fb790076cd254b023f805c6fba8b9baaafa418ff218313004e516392d14ddaf4e68bbf2e95e301f397cd430c3176e34e9fe67ae7bcdbcf77b1a7261e257d2ac6e10c67a90f9a670f4e4b0ffb9e9da89c9c19276057e057d3fcceb616315e8fd1f4e747ad8aaafda51a77aaad6daa0a94272dc6710cdaaf9ff9c5f067598b1862882186186288218618ff7fc65fda6314c4188bec670000000049454e44ae426082	0	1	3
4	1233211	01050647255	amrshalaby	12	2024-12-26	2025-12-21	\\x89504e470d0a1a0a0000000d49484452000001ea000001ea0100000000e31630970000041549444154789ced9d4d8eb4460c861f07a45e823407f88e0237c891a239d27703384a0e10895a8e047216f54375f70e88663afd7a81a88147454b968d5f1735e69cb0f98f333408172e5cb870e1c2850bbf16b7642dcc66162fcdfd66fbd0c660160f6666365e37bbf077c37177770677775f9a7ce66bba008dfb04a4ab4be31531bdf46f17fedd7848e1cb3f7b80d06263b969f0b51ac69878e9ecc2df0b6f1fc6362c009dc36ccdea0046b7b8cd3de6844b67172e1cc03ffb2dbdbe8ddd577caf735fc0ddd7ff7c76e1ef81e758d73910c0e81a071ce6f1e60c0e364c5bebd04445b9d6955ffab70bff667c3633b31e18fe6eb131b4d85f0bf10cc2cde3df46b658c25e3abbf037c363acdbc397cf7d83c30ab099cfbf569c000e5fe6f791eebb1f5ef88be2452001622111cf1af78926a92900513e99ba351d5cca89f0c396d5b79524c175eed0b9bb2f444f8c7f8bb76427945e27fc84a558d7254598a1843e288af09286fb7d8a75c24f58729f9839b3ebd1ada91911cf3c0d7d02522494d7093f6c5e2c86b46181985c4be8f3a95bcb30bba332acf0e3565713be56ef7031c25595438c7fa4aa435e27fcb8ed612eb620a62e07b761798e75d19461859fb3e43f4b53a259539c30c92777e56b7ad753ac137ec276e524bb9ee7a221eb7551b98b872ea563c53ae127acae26f65c1b6da5aa66770d59b14ef815b88dc10c821974ee36b2998de15652ea97a55645ceb5291cfe848717fe727855c3e67a75cdf2498c757bfe250ed511137e0d1eebd5b8dce496ea05420bc3b219849b33f7a9191b2f5c39bbf037c373d0caedae584dec2dd85d4da9567576fa6e42f829db2b87aa6818b29a7297614b0d2bbd4ef839ab6a58b268b2f7bcd8e593d296cd9d0b799df0a3967b134dd1e15652c225fb1f796d40ea972dd2eb849fb2eabd6e28e56b5284d7ea9654702c20bd4ef8957868c92be836a3ac39896adedc837ffef26a69f18f7a78e1af83470dc4068fdf48b4c0d63add0204c3e7fe9fd609cd0ae1a3e26c982e985df87be2772bd8f797bb855cc8565fc136b55eac0c2bfcb8e59736b85bc6be66a92ef7fcf7b62c5ac12efc1cfebcbb4e544980b4a0ae68784b71c762f23ae1876c2f50fda9f17aaf127b514e5c35acf05356c5ba8922d045bbd38653fe857d3b31799df063e6f7963f0a2b43caf7b0a55f510ef23ae1c76c772ef68fc2aa65745d09820f65aebc4ef8514b6b96a2fa163e70428f133e9cb4d9093078bcea9672ed72d1ecc2df13af9593e17991c9c3560015a70c2bfc423cb4f8145a6cecbecca76056d51a49b92b9ef8d31e5ef84be08f3bc432fcee8de177b3325be3cc7f3a065bcbe09b01ed6ac35436147be9df2efcbbf0c7bd3a63939f907bb38476cd81adf1d87d8dbdd92b6617fe9ef8730dbbe4b3bdf1552fb24bca9d6a58e1c7cdf4dfeb840b172e5cb870e1c2ff17f8bf74745fc0627214f00000000049454e44ae426082	11	2	4
1	111111	2356	<{}No0oXuS{}>	16	2024-12-22	2026-04-16	\\x89504e470d0a1a0a0000000d49484452000001ea000001ea0100000000e31630970000043849444154789ced9c518ab34a1085bfba0a796c611690a5989d5d6649ff0e742959c040fb1850ce7de86edbe49fa7e86526a40a02c6f86184a6bacfa96a4dec88f19f3d3438eeb8e38e3beeb8e38e3b7e2c6e395acc3a001683a9cd47630766d60253b9f472dcdd1d7f53bc9724c57cd2ac6b64977033c6ae915dd22537031a4992eef19d7777fc4df1a9a4affe6a265d2d65b894f0fa08fa2ce32f67bd23efeef87be1a4ccd547a08f4dca611ac29cbe4ae95c234933f56bca8ec34b3fbbe3bf05d71066ec02e8b35b8cf17c33fab8985da6539e6bffbfbb3bfe1e78992b838009acbfb668bc9c04e1abb53e22c6ae998d703331c1d6577ee96777fca7f03cea4603a0016866ebe307d65f4f32a68ff415a60f59ff67b103efeef87be2695d771779f9a681461ac28ca4f9fb8b7d5de7f853917d90a05534a8688830c34639a4a3190d80ab09c77744cd70f42a436f00a4481a6159d26e869e5cc33abe278a73d224fb2459c529a505a9782890d361f05ce7f8416a4230c3789e5b08c2000cdaf9e16aa54ff86a75c8dd1d7f67dc2e004ca7e28a4c2741b8995d28ba4271315281965225fb157fdef197c3cb0c5ba7d45a87588b16495714c181d7261cdf87170d0b940157fb009a223322456b04b99a70fc203ca909cdd8656ab14b510eb5d2afcf6e310de46936498adff1e71d7f357ca3260c9a597033983e6660c9bf8e67617092f511599e660fb8bbe3ef896f5ce2548718282e9d6259bed57a45f25522ee9c38be27eaba2e2b8772941de1985de25c020b5b4bd9479de3cfc59d545dfd6265d19ab39ef251fdc1479de3cfc7dae934b71a2fedccd83588e943d92a0e11ebff748810d3a5dee9e4f84178b185e92398758b49d796d2cbdec8fe8d60662799756bbbd3eff8f38ebf18beadfe03790e4d13e9dae934b84becf891f8a6656e2364eb206453fdaf857f57138eef8ada73526c9166db6e37f0d05fa7d54df151e7f8b351739d86a04dbbd3b63616e6d2fd04eed7397e984b3c7febd795f1f7b0cc73e7c4f15d71e7d7ad95fe08d4c2577f67106f4de3977e76c77f0a2f95d60ec4d42250aac85aeaa50b5fad983a044be9e5f43aace3fba256c47222bb9b484bf52bff401a709eeb1cdf1745343445c84aaadb736a1d966ad5b95fe7f83e7c23558b86cde36fbb5b31ae2d0011dc3971fc10dcec2cc164a6cff3cd72cbfa64a979333779d2a8bcddeed8bb3bfe6ef8e376fe746ea0382703509a4cea9659dcaf737c4fd4b14675e4ea6e1d4a1db6be5d0c5fd739be0f5ff7881549016cb65ddfbd67a254c408beae737c576c5ce22a246a4a63d510f9b52778f5dff1635ce21a6202c6f3cdc4d49960c1fa61ced7f5033076d15d62c777c4e3a823bd1c9105cb6f52ec105307fdb0c0d87db562b2d250fcd2cfeef84fe17fafebc2761b4571e9d612d8da7de733ace3cfc78386ad52a19ebb7b9d1db940e66ac2f1a763dd859de3bba394e1b6a7bcfaefb8e38e3beeb8e38e3bfedbf0ff00a1fc34013b80871f0000000049454e44ae426082	16	1	1
\.


--
-- Data for Name: Anaconda_bus_APP_payment; Type: TABLE DATA; Schema: public; Owner: postgres
--

COPY public."Anaconda_bus_APP_payment" (id, payment_type, payment, total_amount, booking_id) FROM stdin;
\.


--
-- Data for Name: Anaconda_bus_APP_paymentaccount; Type: TABLE DATA; Schema: public; Owner: postgres
--

COPY public."Anaconda_bus_APP_paymentaccount" (id, payment_option, account_name, account_number, additional_info) FROM stdin;
1	vf-cash	amr	01050647255	ارفق 10+
3	vf-cash	amr	098765ثص	سرلا
\.


--
-- Data for Name: Anaconda_bus_APP_route; Type: TABLE DATA; Schema: public; Owner: postgres
--

COPY public."Anaconda_bus_APP_route" (id, from_location, to_location, date) FROM stdin;
\.


--
-- Data for Name: Anaconda_bus_APP_seat; Type: TABLE DATA; Schema: public; Owner: postgres
--

COPY public."Anaconda_bus_APP_seat" (id, seat_number, is_reserved, trip_date, bus_id) FROM stdin;
61	45	t	\N	2
11	11	f	\N	1
7	7	f	\N	1
14	14	f	\N	1
15	15	f	\N	1
16	16	f	\N	1
12	12	f	\N	1
3	3	f	\N	1
8	8	f	\N	1
13	13	f	\N	1
2	2	f	\N	1
1	1	f	\N	1
4	4	f	\N	1
6	6	f	\N	1
10	10	f	\N	1
9	9	f	\N	1
23	7	f	\N	2
24	8	f	\N	2
18	2	f	\N	2
21	5	f	\N	2
22	6	f	\N	2
25	9	f	\N	2
26	10	f	\N	2
29	13	f	\N	2
30	14	f	\N	2
31	15	f	\N	2
32	16	f	\N	2
33	17	f	\N	2
34	18	f	\N	2
36	20	f	\N	2
37	21	f	\N	2
38	22	f	\N	2
39	23	f	\N	2
41	25	f	\N	2
42	26	f	\N	2
43	27	f	\N	2
44	28	f	\N	2
45	29	f	\N	2
46	30	f	\N	2
47	31	f	\N	2
48	32	f	\N	2
49	33	f	\N	2
50	34	f	\N	2
51	35	f	\N	2
52	36	f	\N	2
54	38	f	\N	2
55	39	f	\N	2
56	40	f	\N	2
57	41	f	\N	2
59	43	f	\N	2
60	44	f	\N	2
63	47	f	\N	2
64	48	f	\N	2
65	49	f	\N	2
53	37	f	\N	2
19	3	f	\N	2
27	11	f	\N	2
40	24	f	\N	2
20	4	f	\N	2
66	50	f	\N	2
35	19	f	\N	2
5	5	t	\N	1
58	42	f	\N	2
62	46	f	\N	2
17	1	f	\N	2
28	12	f	\N	2
\.


--
-- Data for Name: Anaconda_bus_APP_trip; Type: TABLE DATA; Schema: public; Owner: postgres
--

COPY public."Anaconda_bus_APP_trip" (id, route, trip_name, date, start_time, trip_type, one_way_price, return_price, round_trip_price, is_active, next_trip_date, is_old, bus_id, end_destination_id, start_destination_id) FROM stdin;
4	////////	///////	2024-12-22	15:56:05	return	1.00	1.00	1.00	f	\N	t	1	\N	\N
3	;;;;;;;;;;;;;	;;;;;;;;	2024-12-22	15:55:15	one_way	1.00	1.00	1.00	f	\N	t	1	\N	\N
6	;;;;;;;;;;;;;	;;;;;;;;	2024-12-23	15:55:15	round_trip	1.00	1.00	1.00	f	\N	t	1	\N	\N
5	////////	///////	2024-12-23	15:56:05	round_trip	1.00	1.00	1.00	f	\N	t	1	\N	\N
13	السلام  (9:20)\r\nالعاشر (10:20)\r\nاول جمال\r\nبيرتي \r\nالسلام \r\nالعاشر \r\nاول جمال \r\nبيرتي \r\nالتجمع	///////	2024-12-25	15:56:05	round_trip	1.00	1.00	1.00	f	\N	t	1	\N	\N
12	السلام  (9:20)\r\nالعاشر (10:20)\r\nاول جمال\r\nبيرتي \r\nالسلام \r\nالعاشر \r\nاول جمال \r\nبيرتي \r\nالتجمع	رحله جامعه بنها	2024-12-25	18:35:57	round_trip	1.00	1.00	1.00	f	\N	t	2	\N	\N
11	م\r\nم\r\nم\r\nم	مممممممم	2024-12-29	17:33:03	round_trip	1.00	1.00	1.00	f	\N	t	1	\N	\N
16	السلام  (9:20)\r\nالعاشر (10:20)\r\nاول جمال\r\nبيرتي \r\nالسلام \r\nالعاشر \r\nاول جمال \r\nبيرتي \r\nالتجمع	///////	2024-12-29	15:56:05	round_trip	1.00	1.00	1.00	f	\N	t	1	\N	\N
17	السلام  (9:20)\r\nالعاشر (10:20)\r\nاول جمال\r\nبيرتي \r\nالسلام \r\nالعاشر \r\nاول جمال \r\nبيرتي \r\nالتجمع	رحله جامعه بنها	2024-12-25	18:35:57	round_trip	1.00	1.00	1.00	f	\N	t	2	\N	\N
15	السلام  (9:20)\r\nالعاشر (10:20)\r\nاول جمال\r\nبيرتي \r\nالسلام \r\nالعاشر \r\nاول جمال \r\nبيرتي \r\nالتجمع	;;;;;;;;	2024-12-29	15:55:15	round_trip	1.00	1.00	1.00	f	\N	t	1	\N	\N
19	السلام  (9:20)\r\nالعاشر (10:20)\r\nاول جمال\r\nبيرتي \r\nالسلام \r\nالعاشر \r\nاول جمال \r\nبيرتي \r\nالتجمع	رحله جامعه بنها	2024-12-26	18:35:57	round_trip	1.00	1.00	1.00	f	\N	t	2	\N	\N
24	السلام  (9:20)\r\nالعاشر (10:20)\r\nاول جمال\r\nبيرتي \r\nالسلام \r\nالعاشر \r\nاول جمال \r\nبيرتي \r\nالتجمع	;;;;;;;;	2024-12-30	15:55:15	round_trip	1.00	1.00	1.00	f	\N	t	1	\N	\N
10	م\r\nم\r\nم\r\nم	مممممممم	2024-12-28	17:33:03	round_trip	1.00	1.00	1.00	f	\N	t	1	1	1
9	السلام  (9:20)\r\nالعاشر (10:20)\r\nاول جمال\r\nبيرتي \r\nالسلام \r\nالعاشر \r\nاول جمال \r\nبيرتي \r\nالتجمع	رحله جامعه بنها	2024-12-24	18:35:57	one_way	1.00	1.00	1.00	f	\N	t	2	2	1
8	السلام  (9:20)\r\nالعاشر (10:20)\r\nاول جمال\r\nبيرتي \r\nالسلام \r\nالعاشر \r\nاول جمال \r\nبيرتي \r\nالتجمع	///////	2024-12-24	15:56:05	round_trip	1.00	1.00	1.00	f	\N	t	1	\N	\N
7	السلام  (9:20)\r\nالعاشر (10:20)\r\nاول جمال\r\nبيرتي \r\nالسلام \r\nالعاشر \r\nاول جمال \r\nبيرتي \r\nالتجمع	;;;;;;;;	2024-12-24	15:55:15	round_trip	1.00	1.00	1.00	f	\N	t	1	\N	\N
14	السلام  (9:20)\r\nالعاشر (10:20)\r\nاول جمال\r\nبيرتي \r\nالسلام \r\nالعاشر \r\nاول جمال \r\nبيرتي \r\nالتجمع	;;;;;;;;	2024-12-25	15:55:15	round_trip	1.00	1.00	1.00	f	\N	t	1	\N	\N
25	السلام  (9:20)\r\nالعاشر (10:20)\r\nاول جمال\r\nبيرتي \r\nالسلام \r\nالعاشر \r\nاول جمال \r\nبيرتي \r\nالتجمع	;;;;;;;;	2025-01-06	15:55:15	round_trip	1.00	1.00	1.00	f	\N	t	1	\N	\N
20	السلام  (9:20)\r\nالعاشر (10:20)\r\nاول جمال\r\nبيرتي \r\nالسلام \r\nالعاشر \r\nاول جمال \r\nبيرتي \r\nالتجمع	رحله جامعه بنها	2024-12-29	18:35:57	round_trip	1.00	1.00	1.00	f	\N	t	2	\N	\N
18	م\r\nم\r\nم\r\nم	مممممممم	2024-12-29	17:33:03	round_trip	1.00	1.00	1.00	f	\N	t	1	\N	\N
23	السلام  (9:20)\r\nالعاشر (10:20)\r\nاول جمال\r\nبيرتي \r\nالسلام \r\nالعاشر \r\nاول جمال \r\nبيرتي \r\nالتجمع	///////	2024-12-30	15:56:05	round_trip	1.00	1.00	1.00	f	\N	t	1	\N	\N
22	م\r\nم\r\nم\r\nم	مممممممم	2024-12-30	17:33:03	round_trip	1.00	1.00	1.00	f	\N	t	1	\N	\N
21	السلام  (9:20)\r\nالعاشر (10:20)\r\nاول جمال\r\nبيرتي \r\nالسلام \r\nالعاشر \r\nاول جمال \r\nبيرتي \r\nالتجمع	رحله جامعه بنها	2024-12-30	18:35:57	round_trip	1.00	1.00	1.00	f	\N	t	2	\N	\N
28	السلام  (9:20)\r\nالعاشر (10:20)\r\nاول جمال\r\nبيرتي \r\nالسلام \r\nالعاشر \r\nاول جمال \r\nبيرتي \r\nالتجمع	رحله جامعه بنها	2025-01-06	18:35:57	round_trip	1.00	1.00	1.00	f	\N	t	2	\N	\N
27	م\r\nم\r\nم\r\nم	مممممممم	2025-01-06	17:33:03	round_trip	1.00	1.00	1.00	f	\N	t	1	\N	\N
26	السلام  (9:20)\r\nالعاشر (10:20)\r\nاول جمال\r\nبيرتي \r\nالسلام \r\nالعاشر \r\nاول جمال \r\nبيرتي \r\nالتجمع	///////	2025-01-06	15:56:05	round_trip	1.00	1.00	1.00	f	\N	t	1	\N	\N
31	السلام  (9:20)\r\nالعاشر (10:20)\r\nاول جمال\r\nبيرتي \r\nالسلام \r\nالعاشر \r\nاول جمال \r\nبيرتي \r\nالتجمع	;;;;;;;;	2025-01-05	15:55:15	round_trip	200.00	200.00	200.00	f	\N	t	1	\N	\N
29	السلام  (9:20)\r\nالعاشر (10:20)\r\nاول جمال\r\nبيرتي \r\nالسلام \r\nالعاشر \r\nاول جمال \r\nبيرتي \r\nالتجمع	;;;;;;;;	2025-01-07	15:55:15	round_trip	1.00	1.00	1.00	f	\N	t	1	\N	\N
30	السلام  (9:20)\r\nالعاشر (10:20)\r\nاول جمال\r\nبيرتي \r\nالسلام \r\nالعاشر \r\nاول جمال \r\nبيرتي \r\nالتجمع	;;;;;;;;	2025-01-08	15:55:15	round_trip	1.00	1.00	1.00	f	\N	t	1	\N	\N
35	السلام  (9:20)\r\nالعاشر (10:20)\r\nاول جمال\r\nبيرتي \r\nالسلام \r\nالعاشر \r\nاول جمال \r\nبيرتي \r\nالتجمع	;;;;;;;;	2025-01-06	15:55:15	round_trip	1.00	1.00	1.00	f	\N	t	1	\N	\N
36	السلام  (9:20)\r\nالعاشر (10:20)\r\nاول جمال\r\nبيرتي \r\nالسلام \r\nالعاشر \r\nاول جمال \r\nبيرتي \r\nالتجمع	;;;;;;;;	2025-01-07	15:55:15	round_trip	1.00	1.00	1.00	t	\N	f	1	\N	\N
34	ال\r\nلمب\r\nمب\r\nم	بنها	2025-01-06	20:48:55	round_trip	1.00	1.00	1.00	f	\N	t	2	\N	\N
33	ال\r\nلمب\r\nمب\r\nم	بنها	2025-01-05	20:48:55	round_trip	200.00	200.00	200.00	f	\N	t	2	1	1
37	ال\r\nلمب\r\nمب\r\nم	بنها	2025-01-07	20:48:55	round_trip	1.00	1.00	1.00	t	\N	f	2	\N	\N
\.


--
-- Data for Name: admin_interface_theme; Type: TABLE DATA; Schema: public; Owner: postgres
--

COPY public.admin_interface_theme (id, name, active, title, title_visible, logo, logo_visible, css_header_background_color, title_color, css_header_text_color, css_header_link_color, css_header_link_hover_color, css_module_background_color, css_module_text_color, css_module_link_color, css_module_link_hover_color, css_module_rounded_corners, css_generic_link_color, css_generic_link_hover_color, css_save_button_background_color, css_save_button_background_hover_color, css_save_button_text_color, css_delete_button_background_color, css_delete_button_background_hover_color, css_delete_button_text_color, list_filter_dropdown, related_modal_active, related_modal_background_color, related_modal_rounded_corners, logo_color, recent_actions_visible, favicon, related_modal_background_opacity, env_name, env_visible_in_header, env_color, env_visible_in_favicon, related_modal_close_button_visible, language_chooser_active, language_chooser_display, list_filter_sticky, form_pagination_sticky, form_submit_sticky, css_module_background_selected_color, css_module_link_selected_color, logo_max_height, logo_max_width, foldable_apps, language_chooser_control, list_filter_highlight, list_filter_removal_links, show_fieldsets_as_tabs, show_inlines_as_tabs, css_generic_link_active_color, collapsible_stacked_inlines, collapsible_stacked_inlines_collapsed, collapsible_tabular_inlines, collapsible_tabular_inlines_collapsed) FROM stdin;
1	Django	t	إدارة جانغو	t		t	#0C4B33	#F5DD5D	#44B78B	#FFFFFF	#C9F0DD	#44B78B	#FFFFFF	#FFFFFF	#C9F0DD	t	#0C3C26	#156641	#0C4B33	#0C3C26	#FFFFFF	#BA2121	#A41515	#FFFFFF	t	t	#000000	t	#FFFFFF	t		0.3		t	#E74C3C	t	t	t	code	t	f	f	#FFFFCC	#FFFFFF	100	400	t	default-select	t	f	f	f	#29B864	f	t	f	t
\.


--
-- Data for Name: auth_group; Type: TABLE DATA; Schema: public; Owner: postgres
--

COPY public.auth_group (id, name) FROM stdin;
\.


--
-- Data for Name: auth_group_permissions; Type: TABLE DATA; Schema: public; Owner: postgres
--

COPY public.auth_group_permissions (id, group_id, permission_id) FROM stdin;
\.


--
-- Data for Name: auth_permission; Type: TABLE DATA; Schema: public; Owner: postgres
--

COPY public.auth_permission (id, name, content_type_id, codename) FROM stdin;
1	Can add Theme	1	add_theme
2	Can change Theme	1	change_theme
3	Can delete Theme	1	delete_theme
4	Can view Theme	1	view_theme
5	Can add attendance	2	add_attendance
6	Can change attendance	2	change_attendance
7	Can delete attendance	2	delete_attendance
8	Can view attendance	2	view_attendance
9	Can add category	3	add_category
10	Can change category	3	change_category
11	Can delete category	3	delete_category
12	Can view category	3	view_category
13	Can add destination	4	add_destination
14	Can change destination	4	change_destination
15	Can delete destination	4	delete_destination
16	Can view destination	4	view_destination
17	Can add payment account	5	add_paymentaccount
18	Can change payment account	5	change_paymentaccount
19	Can delete payment account	5	delete_paymentaccount
20	Can view payment account	5	view_paymentaccount
21	Can add route	6	add_route
22	Can change route	6	change_route
23	Can delete route	6	delete_route
24	Can view route	6	view_route
25	Can add bus	7	add_bus
26	Can change bus	7	change_bus
27	Can delete bus	7	delete_bus
28	Can view bus	7	view_bus
29	Can add passenger	8	add_passenger
30	Can change passenger	8	change_passenger
31	Can delete passenger	8	delete_passenger
32	Can view passenger	8	view_passenger
33	Can add booking	9	add_booking
34	Can change booking	9	change_booking
35	Can delete booking	9	delete_booking
36	Can view booking	9	view_booking
37	Can add payment	10	add_payment
38	Can change payment	10	change_payment
39	Can delete payment	10	delete_payment
40	Can view payment	10	view_payment
41	Can add seat	11	add_seat
42	Can change seat	11	change_seat
43	Can delete seat	11	delete_seat
44	Can view seat	11	view_seat
45	Can add trip	12	add_trip
46	Can change trip	12	change_trip
47	Can delete trip	12	delete_trip
48	Can view trip	12	view_trip
49	Can add log entry	13	add_logentry
50	Can change log entry	13	change_logentry
51	Can delete log entry	13	delete_logentry
52	Can view log entry	13	view_logentry
53	Can add permission	14	add_permission
54	Can change permission	14	change_permission
55	Can delete permission	14	delete_permission
56	Can view permission	14	view_permission
57	Can add group	15	add_group
58	Can change group	15	change_group
59	Can delete group	15	delete_group
60	Can view group	15	view_group
61	Can add user	16	add_user
62	Can change user	16	change_user
63	Can delete user	16	delete_user
64	Can view user	16	view_user
65	Can add content type	17	add_contenttype
66	Can change content type	17	change_contenttype
67	Can delete content type	17	delete_contenttype
68	Can view content type	17	view_contenttype
69	Can add session	18	add_session
70	Can change session	18	change_session
71	Can delete session	18	delete_session
72	Can view session	18	view_session
\.


--
-- Data for Name: auth_user; Type: TABLE DATA; Schema: public; Owner: postgres
--

COPY public.auth_user (id, password, last_login, is_superuser, username, first_name, last_name, email, is_staff, is_active, date_joined) FROM stdin;
1	pbkdf2_sha256$720000$u3KW245pRspMCzZGjXisPb$5PBFCxqjfeZauztN/yhjg4IlXXTBUX+I1JnZxKDg/Tk=	2025-01-07 02:10:53.55336+02	t	amr			amr@gmail.com	t	t	2024-12-22 10:16:49.625618+02
2	pbkdf2_sha256$720000$m0kar2myQVDO0fkx48ICrs$7FTfEq48AB6vCI8/zK8V9k7sKRBxyhcPVQ3gF2SIUyg=	2024-12-22 11:17:45.160999+02	f	3amel				f	t	2024-12-22 10:25:09+02
3	pbkdf2_sha256$720000$MAYd4WI6J4V4E6HDf0Rbia$VcmToEea3niZdV2Q3Mo4Azv2w3kDgBwRbMfV3XXilaU=	2024-12-22 11:17:52.562652+02	f	3omar				f	t	2024-12-22 10:55:28+02
5	pbkdf2_sha256$720000$icWvQmGdb1HsrWsPTvHfj4$3OO9SjGcuTPZZCE75rr6vzlvzcoLDhBntIha1TnplCc=	\N	f	xxxxmusalmx				f	t	2024-12-29 19:50:01.633107+02
6	pbkdf2_sha256$720000$62iuwXMAEMMtd7c559xMhK$zMNbPDk1JBr/J+uk356Fo2wZFerhDGq6Q3eqxFPMy/A=	\N	f	xxxxmusalmxx				f	t	2024-12-29 19:55:13.601137+02
7	pbkdf2_sha256$720000$Sv4ipqmlapA7oPY8JXdFBe$fP3L6B6XlUBKZpM5r+YCfWBM2AwSgkQFN7ttM8N3GnE=	\N	f	xxxxmusalmxxx				f	t	2024-12-29 19:56:08.232106+02
4	pbkdf2_sha256$720000$4UFKDm2saCWQyO5rlqCkri$YAhJ3fIr4rd63+3fiRk3suk1XA3rTq+QlL1lhy1mOY0=	2025-01-05 22:34:15.030811+02	f	amrshalaby				f	t	2024-12-26 20:23:12.372582+02
\.


--
-- Data for Name: auth_user_groups; Type: TABLE DATA; Schema: public; Owner: postgres
--

COPY public.auth_user_groups (id, user_id, group_id) FROM stdin;
\.


--
-- Data for Name: auth_user_user_permissions; Type: TABLE DATA; Schema: public; Owner: postgres
--

COPY public.auth_user_user_permissions (id, user_id, permission_id) FROM stdin;
\.


--
-- Data for Name: django_admin_log; Type: TABLE DATA; Schema: public; Owner: postgres
--

COPY public.django_admin_log (id, action_time, object_id, object_repr, action_flag, change_message, content_type_id, user_id) FROM stdin;
1	2024-12-22 10:22:00.248087+02	1	;;;;;;;;;;;;;;	1	[{"added": {}}]	3	1
2	2024-12-22 10:22:21.87812+02	1	;;;;;;;;;;;;;; (;;;;;;;;;;;;;;)	1	[{"added": {}}]	7	1
3	2024-12-22 10:22:42.049568+02	1	Trip object (1)	1	[{"added": {}}]	12	1
4	2024-12-22 10:23:35.868379+02	1	0001 - <{}No0oXuS{}>	1	[{"added": {}}]	8	1
5	2024-12-22 10:25:10.509983+02	2	3amel	1	[{"added": {}}]	16	1
6	2024-12-22 10:25:29.08356+02	2	3amel	2	[]	16	1
7	2024-12-22 10:26:27.993624+02	2	0002 - اولي ثانوي	1	[{"added": {}}]	8	1
8	2024-12-22 10:55:29.646864+02	3	3omar	1	[{"added": {}}]	16	1
9	2024-12-22 10:55:44.314332+02	3	3omar	2	[]	16	1
10	2024-12-22 10:56:14.717515+02	3	0003 - كمياء علاء علي	1	[{"added": {}}]	8	1
11	2024-12-22 10:56:40.378184+02	3	Booking 3 - 3omar - round_trip - Phone: 2356	1	[{"added": {}}]	9	1
12	2024-12-22 10:57:12.904743+02	1	Booking 1 - amr - round_trip - Phone: 2356	3		9	1
13	2024-12-22 17:52:25.616102+02	2	Trip object (2)	1	[{"added": {}}]	12	1
14	2024-12-22 17:54:32.196106+02	1	Trip object (1)	3		12	1
15	2024-12-22 17:55:04.595486+02	2	Trip object (2)	3		12	1
16	2024-12-22 17:55:21.012483+02	3	Trip object (3)	1	[{"added": {}}]	12	1
17	2024-12-22 17:56:10.135083+02	4	Trip object (4)	1	[{"added": {}}]	12	1
18	2024-12-22 20:31:03.327471+02	2	Amr shalaby (;;;;;;;;;;;;;;)	1	[{"added": {}}]	7	1
19	2024-12-22 20:31:21.855302+02	2	miu	1	[{"added": {}}]	3	1
20	2024-12-22 20:31:34.455584+02	1	hgsghl	1	[{"added": {}}]	4	1
21	2024-12-22 20:31:40.871013+02	1	السلام	2	[{"changed": {"fields": ["\\u0627\\u0633\\u0645 \\u0627\\u0644\\u0648\\u062c\\u0647\\u0647"]}}]	4	1
22	2024-12-22 20:31:48.148023+02	2	جامعه بنها	1	[{"added": {}}]	4	1
23	2024-12-22 20:32:23.771203+02	1	VF Cash - amr	1	[{"added": {}}]	5	1
24	2024-12-22 20:36:10.804943+02	9	Trip object (9)	1	[{"added": {}}]	12	1
25	2024-12-22 20:54:35.029813+02	2	Amr shalaby (;;;;;;;;;;;;;;)	2	[{"changed": {"fields": ["\\u0646\\u0634\\u0637"]}}]	7	1
26	2024-12-22 20:54:51.160381+02	2	Amr shalaby (;;;;;;;;;;;;;;)	2	[{"changed": {"fields": ["\\u0646\\u0634\\u0637"]}}]	7	1
27	2024-12-22 20:55:32.923662+02	9	Trip object (9)	2	[{"changed": {"fields": ["Is active"]}}]	12	1
28	2024-12-22 20:55:44.381228+02	9	Trip object (9)	2	[{"changed": {"fields": ["Is active"]}}]	12	1
29	2024-12-22 20:56:29.108177+02	3	السلام	1	[{"added": {}}]	3	1
30	2024-12-22 20:56:33.646619+02	4	اول جمال	1	[{"added": {}}]	3	1
31	2024-12-22 20:56:37.10408+02	5	بيرتي	1	[{"added": {}}]	3	1
32	2024-12-22 20:58:32.390609+02	9	Trip object (9)	2	[{"changed": {"fields": ["\\u0627\\u0644\\u0637\\u0631\\u064a\\u0642"]}}]	12	1
33	2024-12-23 11:52:26.749174+02	9	Trip object (9)	2	[{"changed": {"fields": ["\\u0627\\u0644\\u0637\\u0631\\u064a\\u0642"]}}]	12	1
34	2024-12-23 11:55:21.929971+02	9	Trip object (9)	2	[]	12	1
35	2024-12-23 11:56:19.542819+02	8	Trip object (8)	2	[{"changed": {"fields": ["\\u0627\\u0644\\u0637\\u0631\\u064a\\u0642"]}}]	12	1
36	2024-12-23 11:56:33.33763+02	7	Trip object (7)	2	[{"changed": {"fields": ["\\u0627\\u0644\\u0637\\u0631\\u064a\\u0642"]}}]	12	1
37	2024-12-23 14:50:46.313461+02	2	Amr shalaby (;;;;;;;;;;;;;;)	2	[{"changed": {"fields": ["\\u0631\\u0642\\u0645 \\u0627\\u0644\\u0633\\u0627\\u0626\\u0642"]}}]	7	1
38	2024-12-23 14:52:47.875688+02	1	;;;;;;;;;;;;;; (;;;;;;;;;;;;;;)	2	[{"changed": {"fields": ["\\u0631\\u0642\\u0645 \\u0627\\u0644\\u0633\\u0627\\u0626\\u0642"]}}]	7	1
39	2024-12-23 19:26:12.170976+02	11	Booking 11 - amr - round_trip - Phone: 2356	2	[{"changed": {"fields": ["\\u062d\\u0627\\u0644\\u0647 \\u0627\\u0644\\u062f\\u0641\\u0639"]}}]	9	1
40	2024-12-23 19:27:10.742967+02	14	Booking 14 - amr - round_trip - Phone: 2356	2	[{"changed": {"fields": ["\\u062d\\u0627\\u0644\\u0647 \\u0627\\u0644\\u062f\\u0641\\u0639"]}}]	9	1
41	2024-12-23 19:28:27.263317+02	9	رحله جامعه بنها	2	[{"changed": {"fields": ["\\u0627\\u0644\\u062a\\u0627\\u0631\\u064a\\u062e"]}}]	12	1
42	2024-12-23 19:28:36.704015+02	8	///////	2	[{"changed": {"fields": ["\\u0627\\u0644\\u062a\\u0627\\u0631\\u064a\\u062e"]}}]	12	1
43	2024-12-23 19:28:46.339416+02	7	;;;;;;;;	2	[{"changed": {"fields": ["\\u0627\\u0644\\u062a\\u0627\\u0631\\u064a\\u062e"]}}]	12	1
44	2024-12-23 19:33:09.880704+02	10	مممممممم	1	[{"added": {}}]	12	1
45	2024-12-23 19:34:01.786891+02	9	رحله جامعه بنها	2	[{"changed": {"fields": ["\\u0627\\u0644\\u062a\\u0627\\u0631\\u064a\\u062e"]}}]	12	1
46	2024-12-23 19:34:48.108791+02	10	مممممممم	2	[{"changed": {"fields": ["\\u0627\\u0644\\u062a\\u0627\\u0631\\u064a\\u062e"]}}]	12	1
47	2024-12-23 19:35:16.894833+02	10	مممممممم	2	[{"changed": {"fields": ["\\u0627\\u0644\\u062a\\u0627\\u0631\\u064a\\u062e"]}}]	12	1
48	2024-12-23 19:55:44.178187+02	27	Booking 27 - amr - one_way - Phone: 2356	2	[{"changed": {"fields": ["\\u062d\\u0627\\u0644\\u0647 \\u0627\\u0644\\u062f\\u0641\\u0639", "\\u062d\\u0627\\u0644\\u0647 \\u0627\\u0644\\u062d\\u0636\\u0648\\u0631"]}}]	9	1
49	2024-12-23 20:12:48.026612+02	27	Booking 27 - amr - one_way - Phone: 2356	2	[{"changed": {"fields": ["\\u062d\\u0627\\u0644\\u0647 \\u0627\\u0644\\u062f\\u0641\\u0639", "\\u062d\\u0627\\u0644\\u0647 \\u0627\\u0644\\u062d\\u0636\\u0648\\u0631"]}}]	9	1
50	2024-12-23 20:22:39.531523+02	27	Booking 27 - amr - one_way - Phone: 2356	2	[{"changed": {"fields": ["\\u062d\\u0627\\u0644\\u0647 \\u0627\\u0644\\u062f\\u0641\\u0639", "\\u062d\\u0627\\u0644\\u0647 \\u0627\\u0644\\u062d\\u0636\\u0648\\u0631"]}}]	9	1
51	2024-12-23 20:24:01.428209+02	26	Booking 26 - amr - one_way - Phone: 2356	2	[{"changed": {"fields": ["\\u062d\\u0627\\u0644\\u0647 \\u0627\\u0644\\u062f\\u0641\\u0639", "\\u062d\\u0627\\u0644\\u0647 \\u0627\\u0644\\u062d\\u0636\\u0648\\u0631"]}}]	9	1
52	2024-12-23 20:26:30.159368+02	27	Booking 27 - amr - one_way - Phone: 2356	2	[{"changed": {"fields": ["\\u062d\\u0627\\u0644\\u0647 \\u0627\\u0644\\u062f\\u0641\\u0639", "\\u062d\\u0627\\u0644\\u0647 \\u0627\\u0644\\u062d\\u0636\\u0648\\u0631"]}}]	9	1
53	2024-12-23 20:27:05.433295+02	26	Booking 26 - amr - one_way - Phone: 2356	2	[{"changed": {"fields": ["\\u062d\\u0627\\u0644\\u0647 \\u0627\\u0644\\u062f\\u0641\\u0639", "\\u062d\\u0627\\u0644\\u0647 \\u0627\\u0644\\u062d\\u0636\\u0648\\u0631"]}}]	9	1
54	2024-12-23 20:28:03.222612+02	27	Booking 27 - amr - one_way - Phone: 2356	2	[{"changed": {"fields": ["\\u062d\\u0627\\u0644\\u0647 \\u0627\\u0644\\u062f\\u0641\\u0639", "\\u062d\\u0627\\u0644\\u0647 \\u0627\\u0644\\u062d\\u0636\\u0648\\u0631"]}}]	9	1
55	2024-12-23 20:32:18.869788+02	28	Booking 28 - amr - one_way - Phone: 2356	2	[{"changed": {"fields": ["\\u062d\\u0627\\u0644\\u0647 \\u0627\\u0644\\u062f\\u0641\\u0639", "\\u062d\\u0627\\u0644\\u0647 \\u0627\\u0644\\u062d\\u0636\\u0648\\u0631"]}}]	9	1
56	2024-12-23 20:36:55.098437+02	28	Booking 28 - amr - one_way - Phone: 2356	2	[{"changed": {"fields": ["\\u062d\\u0627\\u0644\\u0647 \\u0627\\u0644\\u062f\\u0641\\u0639", "\\u062d\\u0627\\u0644\\u0647 \\u0627\\u0644\\u062d\\u0636\\u0648\\u0631"]}}]	9	1
57	2024-12-23 20:38:45.310907+02	28	Booking 28 - amr - one_way - Phone: 2356	2	[{"changed": {"fields": ["\\u062d\\u0627\\u0644\\u0647 \\u0627\\u0644\\u062f\\u0641\\u0639", "\\u062d\\u0627\\u0644\\u0647 \\u0627\\u0644\\u062d\\u0636\\u0648\\u0631"]}}]	9	1
157	2025-01-05 22:19:25.264596+02	29	Booking 29 - amr - round_trip - Phone: 2356	3		9	1
58	2024-12-23 20:38:54.118734+02	27	Booking 27 - amr - one_way - Phone: 2356	2	[{"changed": {"fields": ["\\u062d\\u0627\\u0644\\u0647 \\u0627\\u0644\\u062f\\u0641\\u0639", "\\u062d\\u0627\\u0644\\u0647 \\u0627\\u0644\\u062d\\u0636\\u0648\\u0631"]}}]	9	1
59	2024-12-23 20:41:40.472496+02	28	Booking 28 - amr - one_way - Phone: 2356	2	[{"changed": {"fields": ["\\u062d\\u0627\\u0644\\u0647 \\u0627\\u0644\\u062f\\u0641\\u0639", "\\u062d\\u0627\\u0644\\u0647 \\u0627\\u0644\\u062d\\u0636\\u0648\\u0631"]}}]	9	1
60	2024-12-23 20:41:50.145166+02	27	Booking 27 - amr - one_way - Phone: 2356	2	[{"changed": {"fields": ["\\u062d\\u0627\\u0644\\u0647 \\u0627\\u0644\\u062f\\u0641\\u0639", "\\u062d\\u0627\\u0644\\u0647 \\u0627\\u0644\\u062d\\u0636\\u0648\\u0631"]}}]	9	1
61	2024-12-23 20:46:46.090062+02	28	Booking 28 - amr - one_way - Phone: 2356	2	[{"changed": {"fields": ["\\u062d\\u0627\\u0644\\u0647 \\u0627\\u0644\\u062f\\u0641\\u0639", "\\u062d\\u0627\\u0644\\u0647 \\u0627\\u0644\\u062d\\u0636\\u0648\\u0631"]}}]	9	1
62	2024-12-23 20:46:55.36488+02	27	Booking 27 - amr - one_way - Phone: 2356	2	[{"changed": {"fields": ["\\u062d\\u0627\\u0644\\u0647 \\u0627\\u0644\\u062f\\u0641\\u0639", "\\u062d\\u0627\\u0644\\u0647 \\u0627\\u0644\\u062d\\u0636\\u0648\\u0631"]}}]	9	1
63	2024-12-23 20:51:06.772944+02	28	Booking 28 - amr - one_way - Phone: 2356	2	[{"changed": {"fields": ["\\u062d\\u0627\\u0644\\u0647 \\u0627\\u0644\\u062f\\u0641\\u0639", "\\u062d\\u0627\\u0644\\u0647 \\u0627\\u0644\\u062d\\u0636\\u0648\\u0631"]}}]	9	1
64	2024-12-23 23:49:18.544755+02	28	Booking 28 - amr - one_way - Phone: 2356	2	[{"changed": {"fields": ["\\u0627\\u0644\\u0643\\u0631\\u0627\\u0633\\u064a \\u0627\\u0644\\u0645\\u062d\\u062c\\u0648\\u0632\\u0647"]}}]	9	1
65	2024-12-23 23:55:31.844766+02	27	Booking 27 - amr - one_way - Phone: 2356	2	[{"changed": {"fields": ["\\u062d\\u0627\\u0644\\u0647 \\u0627\\u0644\\u062d\\u0636\\u0648\\u0631"]}}]	9	1
66	2024-12-24 09:15:41.058697+02	28	Booking 28 - amr - one_way - Phone: 2356	2	[{"changed": {"fields": ["\\u062d\\u0627\\u0644\\u0647 \\u0627\\u0644\\u062f\\u0641\\u0639", "\\u062d\\u0627\\u0644\\u0647 \\u0627\\u0644\\u062d\\u0636\\u0648\\u0631"]}}]	9	1
67	2024-12-24 09:16:01.480353+02	8	///////	2	[{"changed": {"fields": ["\\u0627\\u0644\\u062a\\u0627\\u0631\\u064a\\u062e"]}}]	12	1
68	2024-12-24 10:01:35.113715+02	28	Booking 28 - amr - one_way - Phone: 2356	2	[{"changed": {"fields": ["\\u062d\\u0627\\u0644\\u0647 \\u0627\\u0644\\u062f\\u0641\\u0639"]}}]	9	1
69	2024-12-24 10:03:54.917242+02	24	Booking 24 - amr - round_trip - Phone: 2356	3		9	1
70	2024-12-24 10:03:54.933281+02	23	Booking 23 - amr - round_trip - Phone: 2356	3		9	1
71	2024-12-24 10:03:54.935282+02	22	Booking 22 - amr - round_trip - Phone: 2356	3		9	1
72	2024-12-24 10:03:54.937282+02	21	Booking 21 - amr - round_trip - Phone: 2356	3		9	1
73	2024-12-24 10:03:54.938282+02	20	Booking 20 - amr - round_trip - Phone: 2356	3		9	1
74	2024-12-24 10:03:54.939281+02	19	Booking 19 - amr - round_trip - Phone: 2356	3		9	1
75	2024-12-24 10:03:54.94028+02	18	Booking 18 - amr - round_trip - Phone: 2356	3		9	1
76	2024-12-24 10:03:54.941283+02	17	Booking 17 - amr - round_trip - Phone: 2356	3		9	1
77	2024-12-24 10:03:54.94328+02	16	Booking 16 - amr - round_trip - Phone: 2356	3		9	1
78	2024-12-24 10:03:54.945284+02	15	Booking 15 - amr - round_trip - Phone: 2356	3		9	1
79	2024-12-24 10:03:54.947287+02	13	Booking 13 - amr - round_trip - Phone: 2356	3		9	1
80	2024-12-24 10:03:54.949281+02	12	Booking 12 - amr - round_trip - Phone: 2356	3		9	1
81	2024-12-24 10:04:42.541393+02	14	Booking 14 - amr - round_trip - Phone: 2356	2	[{"changed": {"fields": ["\\u062d\\u0627\\u0644\\u0647 \\u0627\\u0644\\u062f\\u0641\\u0639"]}}]	9	1
82	2024-12-24 10:05:47.719581+02	14	Booking 14 - amr - round_trip - Phone: 2356	2	[{"changed": {"fields": ["\\u062d\\u0627\\u0644\\u0647 \\u0627\\u0644\\u062f\\u0641\\u0639", "\\u062d\\u0627\\u0644\\u0647 \\u0627\\u0644\\u062d\\u0636\\u0648\\u0631"]}}]	9	1
83	2024-12-24 10:06:05.021646+02	14	Booking 14 - amr - round_trip - Phone: 2356	2	[{"changed": {"fields": ["\\u062d\\u0627\\u0644\\u0647 \\u0627\\u0644\\u062f\\u0641\\u0639"]}}]	9	1
84	2024-12-24 10:06:30.874665+02	1	0001 - <{}No0oXuS{}>	2	[{"changed": {"fields": ["\\u0639\\u062f\\u062f \\u0627\\u0644\\u0631\\u062d\\u0644\\u0627\\u062a \\u0627\\u0644\\u0645\\u0633\\u062a\\u062e\\u062f\\u0645\\u0629"]}}]	8	1
85	2024-12-24 10:06:54.627658+02	14	Booking 14 - amr - round_trip - Phone: 2356	2	[{"changed": {"fields": ["\\u062d\\u0627\\u0644\\u0647 \\u0627\\u0644\\u062d\\u0636\\u0648\\u0631"]}}]	9	1
86	2024-12-24 10:07:29.767066+02	14	Booking 14 - amr - round_trip - Phone: 2356	2	[{"changed": {"fields": ["\\u062d\\u0627\\u0644\\u0647 \\u0627\\u0644\\u062f\\u0641\\u0639", "\\u062d\\u0627\\u0644\\u0647 \\u0627\\u0644\\u062d\\u0636\\u0648\\u0631"]}}]	9	1
87	2024-12-24 10:14:41.26564+02	29	Booking 29 - amr - round_trip - Phone: 2356	2	[{"changed": {"fields": ["\\u062d\\u0627\\u0644\\u0647 \\u0627\\u0644\\u062f\\u0641\\u0639", "\\u062d\\u0627\\u0644\\u0647 \\u0627\\u0644\\u062d\\u0636\\u0648\\u0631"]}}]	9	1
88	2024-12-25 00:04:23.018903+02	9	رحله جامعه بنها	2	[{"changed": {"fields": ["\\u0627\\u0644\\u062a\\u0627\\u0631\\u064a\\u062e"]}}]	12	1
89	2024-12-25 00:04:33.865639+02	7	;;;;;;;;	2	[{"changed": {"fields": ["\\u0627\\u0644\\u062a\\u0627\\u0631\\u064a\\u062e"]}}]	12	1
90	2024-12-25 00:09:20.303656+02	2	Amr shalaby (;;;;;;;;;;;;;;)	2	[{"changed": {"fields": ["\\u0633\\u0627\\u0626\\u0642 \\u0627\\u0644\\u0628\\u0627\\u0635"]}}]	7	1
91	2024-12-25 00:09:29.790626+02	1	;;;;;;;;;;;;;; (;;;;;;;;;;;;;;)	2	[{"changed": {"fields": ["\\u0633\\u0627\\u0626\\u0642 \\u0627\\u0644\\u0628\\u0627\\u0635"]}}]	7	1
92	2024-12-25 15:55:33.428401+02	2	Amr shalaby (;;;;;;;;;;;;;;)	2	[{"changed": {"fields": ["\\u0633\\u0627\\u0626\\u0642 \\u0627\\u0644\\u0628\\u0627\\u0635"]}}]	7	1
93	2024-12-25 15:55:41.5968+02	1	;;;;;;;;;;;;;; (;;;;;;;;;;;;;;)	2	[{"changed": {"fields": ["\\u0633\\u0627\\u0626\\u0642 \\u0627\\u0644\\u0628\\u0627\\u0635"]}}]	7	1
94	2024-12-26 20:28:28.151797+02	17	رحله جامعه بنها	2	[{"changed": {"fields": ["\\u0627\\u0644\\u062a\\u0627\\u0631\\u064a\\u062e"]}}]	12	1
95	2024-12-26 20:34:16.111407+02	3	Amr shalaby (;;;;;;;;;;;;;;)	1	[{"added": {}}]	7	1
96	2024-12-26 20:35:47.553808+02	17	رحله جامعه بنها	2	[{"changed": {"fields": ["\\u0627\\u0644\\u062a\\u0627\\u0631\\u064a\\u062e"]}}]	12	1
97	2024-12-26 20:39:20.928257+02	4	0004 - amrshalaby	2	[{"changed": {"fields": ["\\u0645\\u062f\\u0629 \\u0627\\u0644\\u0627\\u0634\\u062a\\u0631\\u0627\\u0643"]}}]	8	1
98	2024-12-26 20:40:24.087282+02	19	رحله جامعه بنها	2	[{"changed": {"fields": ["\\u0627\\u0644\\u062a\\u0627\\u0631\\u064a\\u062e"]}}]	12	1
99	2024-12-26 20:42:02.323582+02	4	0004 - amrshalaby	2	[{"changed": {"fields": ["\\u0639\\u062f\\u062f \\u0627\\u0644\\u0631\\u062d\\u0644\\u0627\\u062a \\u0627\\u0644\\u0645\\u0633\\u062a\\u062e\\u062f\\u0645\\u0629"]}}]	8	1
100	2024-12-26 20:59:03.926135+02	18	مممممممم	2	[{"changed": {"fields": ["Is active"]}}]	12	1
101	2024-12-27 12:52:36.797462+02	3	Amr shalaby (;;;;;;;;;;;;;;)	2	[{"changed": {"fields": ["\\u0633\\u0627\\u0626\\u0642 \\u0627\\u0644\\u0628\\u0627\\u0635"]}}]	7	1
102	2024-12-29 15:31:58.987207+02	20	رحله جامعه بنها	2	[{"changed": {"fields": ["\\u0627\\u0644\\u062a\\u0627\\u0631\\u064a\\u062e"]}}]	12	1
103	2024-12-29 15:32:07.076343+02	18	مممممممم	2	[{"changed": {"fields": ["\\u0627\\u0644\\u062a\\u0627\\u0631\\u064a\\u062e"]}}]	12	1
104	2024-12-29 15:32:12.456296+02	16	///////	2	[{"changed": {"fields": ["\\u0627\\u0644\\u062a\\u0627\\u0631\\u064a\\u062e"]}}]	12	1
105	2024-12-29 15:32:17.724367+02	15	;;;;;;;;	2	[{"changed": {"fields": ["\\u0627\\u0644\\u062a\\u0627\\u0631\\u064a\\u062e"]}}]	12	1
106	2024-12-29 15:41:14.188724+02	45	Booking 45 - amr - round_trip - Phone: 2356	2	[{"changed": {"fields": ["\\u062d\\u0627\\u0644\\u0647 \\u0627\\u0644\\u062f\\u0641\\u0639", "\\u062d\\u0627\\u0644\\u0647 \\u0627\\u0644\\u062d\\u0636\\u0648\\u0631"]}}]	9	1
107	2024-12-29 15:45:43.845612+02	45	Booking 45 - amr - round_trip - Phone: 2356	2	[{"changed": {"fields": ["\\u062d\\u0627\\u0644\\u0647 \\u0627\\u0644\\u062f\\u0641\\u0639", "\\u062d\\u0627\\u0644\\u0647 \\u0627\\u0644\\u062d\\u0636\\u0648\\u0631"]}}]	9	1
108	2024-12-29 16:07:30.67549+02	45	Booking 45 - amr - round_trip - Phone: 2356	2	[{"changed": {"fields": ["\\u062d\\u0627\\u0644\\u0647 \\u0627\\u0644\\u062f\\u0641\\u0639"]}}]	9	1
109	2024-12-29 16:08:01.872527+02	45	Booking 45 - amr - round_trip - Phone: 2356	2	[{"changed": {"fields": ["\\u062d\\u0627\\u0644\\u0647 \\u0627\\u0644\\u062f\\u0641\\u0639"]}}]	9	1
110	2024-12-29 16:33:01.299526+02	1	0001 - <{}No0oXuS{}>	2	[{"changed": {"fields": ["\\u0639\\u062f\\u062f \\u0627\\u0644\\u0631\\u062d\\u0644\\u0627\\u062a \\u0627\\u0644\\u0645\\u0633\\u062a\\u062e\\u062f\\u0645\\u0629"]}}]	8	1
111	2024-12-29 17:30:29.888795+02	1	0001 - <{}No0oXuS{}>	2	[{"changed": {"fields": ["\\u0639\\u062f\\u062f \\u0627\\u0644\\u0631\\u062d\\u0644\\u0627\\u062a \\u0627\\u0644\\u0645\\u0633\\u062a\\u062e\\u062f\\u0645\\u0629"]}}]	8	1
112	2024-12-29 17:30:43.139579+02	1	0001 - <{}No0oXuS{}>	2	[{"changed": {"fields": ["\\u0639\\u062f\\u062f \\u0627\\u0644\\u0631\\u062d\\u0644\\u0627\\u062a \\u0627\\u0644\\u0645\\u0633\\u062a\\u062e\\u062f\\u0645\\u0629"]}}]	8	1
113	2024-12-29 17:42:56.071508+02	47	Booking 47 - amr - round_trip - Phone: 2356	2	[{"changed": {"fields": ["\\u062d\\u0627\\u0644\\u0647 \\u0627\\u0644\\u062f\\u0641\\u0639", "\\u062d\\u0627\\u0644\\u0647 \\u0627\\u0644\\u062d\\u0636\\u0648\\u0631"]}}]	9	1
114	2024-12-29 17:45:57.531338+02	47	Booking 47 - amr - round_trip - Phone: 2356	2	[{"changed": {"fields": ["\\u062d\\u0627\\u0644\\u0647 \\u0627\\u0644\\u062d\\u0636\\u0648\\u0631"]}}]	9	1
115	2024-12-29 17:48:42.080468+02	47	Booking 47 - amr - round_trip - Phone: 2356	2	[{"changed": {"fields": ["\\u062d\\u0627\\u0644\\u0647 \\u0627\\u0644\\u062d\\u0636\\u0648\\u0631"]}}]	9	1
116	2024-12-29 17:51:06.201334+02	1	0001 - <{}No0oXuS{}>	2	[{"changed": {"fields": ["\\u0639\\u062f\\u062f \\u0627\\u0644\\u0631\\u062d\\u0644\\u0627\\u062a \\u0627\\u0644\\u0645\\u0633\\u062a\\u062e\\u062f\\u0645\\u0629"]}}]	8	1
117	2024-12-29 17:51:26.90325+02	47	Booking 47 - amr - round_trip - Phone: 2356	2	[{"changed": {"fields": ["\\u062d\\u0627\\u0644\\u0647 \\u0627\\u0644\\u062d\\u0636\\u0648\\u0631"]}}]	9	1
118	2024-12-29 17:52:01.448022+02	47	Booking 47 - amr - round_trip - Phone: 2356	2	[{"changed": {"fields": ["\\u062d\\u0627\\u0644\\u0647 \\u0627\\u0644\\u062d\\u0636\\u0648\\u0631"]}}]	9	1
119	2025-01-01 18:20:21.116425+02	46	Booking 46 - amr - round_trip - Phone: 2356	2	[{"changed": {"fields": ["\\u062d\\u0627\\u0644\\u0647 \\u0627\\u0644\\u062f\\u0641\\u0639"]}}]	9	1
120	2025-01-05 04:07:27.254328+02	31	;;;;;;;;	2	[{"changed": {"fields": ["\\u0627\\u0644\\u062a\\u0627\\u0631\\u064a\\u062e"]}}]	12	1
121	2025-01-05 14:48:08.640591+02	32	dddddddddddddddddddddddddddd	1	[{"added": {}}]	12	1
122	2025-01-05 16:34:32.395565+02	50	Booking 50 - amr - round_trip - Phone: 2356	2	[{"changed": {"fields": ["\\u062d\\u0627\\u0644\\u0647 \\u0627\\u0644\\u062d\\u0636\\u0648\\u0631"]}}]	9	1
123	2025-01-05 16:34:59.828532+02	1	0001 - <{}No0oXuS{}>	2	[{"changed": {"fields": ["\\u0639\\u062f\\u062f \\u0627\\u0644\\u0631\\u062d\\u0644\\u0627\\u062a \\u0627\\u0644\\u0645\\u0633\\u062a\\u062e\\u062f\\u0645\\u0629"]}}]	8	1
124	2025-01-05 16:38:49.211369+02	50	Booking 50 - amr - round_trip - Phone: 2356	2	[{"changed": {"fields": ["\\u062d\\u0627\\u0644\\u0647 \\u0627\\u0644\\u062d\\u0636\\u0648\\u0631"]}}]	9	1
125	2025-01-05 16:56:00.575471+02	2	InstaPay - amr	1	[{"added": {}}]	5	1
126	2025-01-05 16:56:12.426909+02	1	0001 - <{}No0oXuS{}>	2	[{"changed": {"fields": ["\\u0639\\u062f\\u062f \\u0627\\u0644\\u0631\\u062d\\u0644\\u0627\\u062a \\u0627\\u0644\\u0645\\u0633\\u062a\\u062e\\u062f\\u0645\\u0629"]}}]	8	1
127	2025-01-05 17:03:48.146718+02	2	InstaPay - amr	3		5	1
128	2025-01-05 17:14:51.175582+02	3	VF Cash - amr	1	[{"added": {}}]	5	1
129	2025-01-05 18:55:59.995066+02	32	dddddddddddddddddddddddddddd	2	[{"changed": {"fields": ["\\u0633\\u0639\\u0631 \\u0627\\u0644\\u0630\\u0647\\u0627\\u0628 \\u0641\\u0642\\u0637", "\\u0633\\u0639\\u0631 \\u0627\\u0644\\u0639\\u0648\\u062f\\u0629 \\u0641\\u0642\\u0637", "\\u0633\\u0639\\u0631 \\u0627\\u0644\\u0630\\u0647\\u0627\\u0628 \\u0648 \\u0627\\u0644\\u0639\\u0648\\u062f\\u0629"]}}]	12	1
130	2025-01-05 22:19:25.224841+02	56	Booking 56 - amr - round_trip - Phone: 2356	3		9	1
131	2025-01-05 22:19:25.238104+02	55	Booking 55 - amr - round_trip - Phone: 2356	3		9	1
132	2025-01-05 22:19:25.239775+02	54	Booking 54 - amr - round_trip - Phone: 2356	3		9	1
133	2025-01-05 22:19:25.240813+02	53	Booking 53 - amr - round_trip - Phone: 2356	3		9	1
134	2025-01-05 22:19:25.242072+02	52	Booking 52 - amr - round_trip - Phone: 2356	3		9	1
135	2025-01-05 22:19:25.242577+02	51	Booking 51 - amr - round_trip - Phone: 2356	3		9	1
136	2025-01-05 22:19:25.243588+02	50	Booking 50 - amr - round_trip - Phone: 2356	3		9	1
137	2025-01-05 22:19:25.244615+02	49	Booking 49 - amr - round_trip - Phone: 2356	3		9	1
138	2025-01-05 22:19:25.24559+02	48	Booking 48 - amr - round_trip - Phone: 2356	3		9	1
139	2025-01-05 22:19:25.246589+02	47	Booking 47 - amr - round_trip - Phone: 2356	3		9	1
140	2025-01-05 22:19:25.248594+02	46	Booking 46 - amr - round_trip - Phone: 2356	3		9	1
141	2025-01-05 22:19:25.249594+02	45	Booking 45 - amr - round_trip - Phone: 2356	3		9	1
142	2025-01-05 22:19:25.250592+02	44	Booking 44 - amr - round_trip - Phone: 2356	3		9	1
143	2025-01-05 22:19:25.251589+02	43	Booking 43 - amr - round_trip - Phone: 2356	3		9	1
144	2025-01-05 22:19:25.252593+02	42	Booking 42 - amr - round_trip - Phone: 2356	3		9	1
145	2025-01-05 22:19:25.253587+02	41	Booking 41 - amr - round_trip - Phone: 2356	3		9	1
146	2025-01-05 22:19:25.254594+02	40	Booking 40 - amr - round_trip - Phone: 2356	3		9	1
147	2025-01-05 22:19:25.254594+02	39	Booking 39 - amrshalaby - round_trip - Phone: 01050647255	3		9	1
148	2025-01-05 22:19:25.256592+02	38	Booking 38 - amrshalaby - round_trip - Phone: 01050647255	3		9	1
149	2025-01-05 22:19:25.256592+02	37	Booking 37 - amrshalaby - round_trip - Phone: 01050647255	3		9	1
150	2025-01-05 22:19:25.257594+02	36	Booking 36 - amrshalaby - round_trip - Phone: 01050647255	3		9	1
151	2025-01-05 22:19:25.258594+02	35	Booking 35 - amrshalaby - round_trip - Phone: 01050647255	3		9	1
152	2025-01-05 22:19:25.259589+02	34	Booking 34 - amr - round_trip - Phone: 2356	3		9	1
153	2025-01-05 22:19:25.26059+02	33	Booking 33 - amr - round_trip - Phone: 2356	3		9	1
154	2025-01-05 22:19:25.26159+02	32	Booking 32 - amr - round_trip - Phone: 2356	3		9	1
155	2025-01-05 22:19:25.26259+02	31	Booking 31 - amr - round_trip - Phone: 2356	3		9	1
156	2025-01-05 22:19:25.263587+02	30	Booking 30 - amr - round_trip - Phone: 2356	3		9	1
158	2025-01-05 22:19:25.265595+02	28	Booking 28 - amr - one_way - Phone: 2356	3		9	1
159	2025-01-05 22:19:25.266591+02	27	Booking 27 - amr - one_way - Phone: 2356	3		9	1
160	2025-01-05 22:19:25.267589+02	26	Booking 26 - amr - one_way - Phone: 2356	3		9	1
161	2025-01-05 22:19:25.269592+02	25	Booking 25 - amr - round_trip - Phone: 2356	3		9	1
162	2025-01-05 22:19:25.270594+02	14	Booking 14 - amr - round_trip - Phone: 2356	3		9	1
163	2025-01-05 22:19:25.271594+02	11	Booking 11 - amr - round_trip - Phone: 2356	3		9	1
164	2025-01-05 22:19:25.272629+02	10	Booking 10 - amr - one_way - Phone: 2356	3		9	1
165	2025-01-05 22:19:25.273626+02	9	Booking 9 - amr - one_way - Phone: 2356	3		9	1
166	2025-01-05 22:48:11.317916+02	3	Amr shalaby (;;;;;;;;;;;;;;)	3		7	1
167	2025-01-05 22:49:03.442676+02	33	بنها	1	[{"added": {}}]	12	1
168	2025-01-05 23:06:59.105983+02	33	بنها	2	[{"changed": {"fields": ["\\u0627\\u0644\\u0637\\u0631\\u064a\\u0642"]}}]	12	1
169	2025-01-05 23:22:59.977703+02	33	بنها	2	[{"changed": {"fields": ["\\u0633\\u0639\\u0631 \\u0627\\u0644\\u0630\\u0647\\u0627\\u0628 \\u0641\\u0642\\u0637", "\\u0633\\u0639\\u0631 \\u0627\\u0644\\u0639\\u0648\\u062f\\u0629 \\u0641\\u0642\\u0637", "\\u0633\\u0639\\u0631 \\u0627\\u0644\\u0630\\u0647\\u0627\\u0628 \\u0648 \\u0627\\u0644\\u0639\\u0648\\u062f\\u0629"]}}]	12	1
170	2025-01-05 23:23:09.763601+02	31	;;;;;;;;	2	[{"changed": {"fields": ["\\u0633\\u0639\\u0631 \\u0627\\u0644\\u0630\\u0647\\u0627\\u0628 \\u0641\\u0642\\u0637", "\\u0633\\u0639\\u0631 \\u0627\\u0644\\u0639\\u0648\\u062f\\u0629 \\u0641\\u0642\\u0637", "\\u0633\\u0639\\u0631 \\u0627\\u0644\\u0630\\u0647\\u0627\\u0628 \\u0648 \\u0627\\u0644\\u0639\\u0648\\u062f\\u0629"]}}]	12	1
171	2025-01-06 00:43:44.752269+02	68	Booking 68 - amr - round_trip - Phone: 2356	2	[{"changed": {"fields": ["\\u062d\\u0627\\u0644\\u0647 \\u0627\\u0644\\u062f\\u0641\\u0639"]}}]	9	1
172	2025-01-06 19:29:40.749103+02	71	Booking 71 - amr - round_trip - Phone: 2356	2	[{"changed": {"fields": ["\\u062d\\u0627\\u0644\\u0647 \\u0627\\u0644\\u062d\\u0636\\u0648\\u0631"]}}]	9	1
173	2025-01-06 19:58:47.037025+02	72	Booking 72 - amr - round_trip - Phone: 2356	2	[{"changed": {"fields": ["\\u062d\\u0627\\u0644\\u0647 \\u0627\\u0644\\u062f\\u0641\\u0639"]}}]	9	1
174	2025-01-06 20:00:18.076849+02	72	Booking 72 - amr - round_trip - Phone: 2356	2	[{"changed": {"fields": ["\\u062d\\u0627\\u0644\\u0647 \\u0627\\u0644\\u062f\\u0641\\u0639"]}}]	9	1
175	2025-01-07 02:16:43.050556+02	1	;;;;;;;;;;;;;; (السلام)	2	[{"changed": {"fields": ["\\u0627\\u0644\\u062c\\u0627\\u0645\\u0639\\u0629"]}}]	7	1
\.


--
-- Data for Name: django_content_type; Type: TABLE DATA; Schema: public; Owner: postgres
--

COPY public.django_content_type (id, app_label, model) FROM stdin;
1	admin_interface	theme
2	Anaconda_bus_APP	attendance
3	Anaconda_bus_APP	category
4	Anaconda_bus_APP	destination
5	Anaconda_bus_APP	paymentaccount
6	Anaconda_bus_APP	route
7	Anaconda_bus_APP	bus
8	Anaconda_bus_APP	passenger
9	Anaconda_bus_APP	booking
10	Anaconda_bus_APP	payment
11	Anaconda_bus_APP	seat
12	Anaconda_bus_APP	trip
13	admin	logentry
14	auth	permission
15	auth	group
16	auth	user
17	contenttypes	contenttype
18	sessions	session
\.


--
-- Data for Name: django_migrations; Type: TABLE DATA; Schema: public; Owner: postgres
--

COPY public.django_migrations (id, app, name, applied) FROM stdin;
1	contenttypes	0001_initial	2024-12-22 10:12:51.255599+02
2	auth	0001_initial	2024-12-22 10:12:51.385598+02
3	Anaconda_bus_APP	0001_initial	2024-12-22 10:12:51.733598+02
4	admin	0001_initial	2024-12-22 10:12:51.779598+02
5	admin	0002_logentry_remove_auto_add	2024-12-22 10:12:51.799596+02
6	admin	0003_logentry_add_action_flag_choices	2024-12-22 10:12:51.8206+02
7	admin_interface	0001_initial	2024-12-22 10:12:51.83461+02
8	admin_interface	0002_add_related_modal	2024-12-22 10:12:51.865598+02
9	admin_interface	0003_add_logo_color	2024-12-22 10:12:51.879603+02
10	admin_interface	0004_rename_title_color	2024-12-22 10:12:51.886599+02
11	admin_interface	0005_add_recent_actions_visible	2024-12-22 10:12:51.894598+02
12	admin_interface	0006_bytes_to_str	2024-12-22 10:12:52.020595+02
13	admin_interface	0007_add_favicon	2024-12-22 10:12:52.031598+02
14	admin_interface	0008_change_related_modal_background_opacity_type	2024-12-22 10:12:52.042599+02
15	admin_interface	0009_add_enviroment	2024-12-22 10:12:52.056597+02
16	admin_interface	0010_add_localization	2024-12-22 10:12:52.082594+02
17	admin_interface	0011_add_environment_options	2024-12-22 10:12:52.116599+02
18	admin_interface	0012_update_verbose_names	2024-12-22 10:12:52.128599+02
19	admin_interface	0013_add_related_modal_close_button	2024-12-22 10:12:52.136599+02
20	admin_interface	0014_name_unique	2024-12-22 10:12:52.1486+02
21	admin_interface	0015_add_language_chooser_active	2024-12-22 10:12:52.157601+02
22	admin_interface	0016_add_language_chooser_display	2024-12-22 10:12:52.1656+02
23	admin_interface	0017_change_list_filter_dropdown	2024-12-22 10:12:52.172601+02
24	admin_interface	0018_theme_list_filter_sticky	2024-12-22 10:12:52.1816+02
25	admin_interface	0019_add_form_sticky	2024-12-22 10:12:52.197598+02
26	admin_interface	0020_module_selected_colors	2024-12-22 10:12:52.248601+02
27	admin_interface	0021_file_extension_validator	2024-12-22 10:12:52.261602+02
28	admin_interface	0022_add_logo_max_width_and_height	2024-12-22 10:12:52.2786+02
29	admin_interface	0023_theme_foldable_apps	2024-12-22 10:12:52.287597+02
30	admin_interface	0024_remove_theme_css	2024-12-22 10:12:52.296598+02
31	admin_interface	0025_theme_language_chooser_control	2024-12-22 10:12:52.305597+02
32	admin_interface	0026_theme_list_filter_highlight	2024-12-22 10:12:52.314598+02
33	admin_interface	0027_theme_list_filter_removal_links	2024-12-22 10:12:52.3236+02
34	admin_interface	0028_theme_show_fieldsets_as_tabs_and_more	2024-12-22 10:12:52.340602+02
35	admin_interface	0029_theme_css_generic_link_active_color	2024-12-22 10:12:52.349596+02
36	admin_interface	0030_theme_collapsible_stacked_inlines_and_more	2024-12-22 10:12:52.378597+02
37	contenttypes	0002_remove_content_type_name	2024-12-22 10:12:52.422598+02
38	auth	0002_alter_permission_name_max_length	2024-12-22 10:12:52.444599+02
39	auth	0003_alter_user_email_max_length	2024-12-22 10:12:52.462599+02
40	auth	0004_alter_user_username_opts	2024-12-22 10:12:52.479598+02
41	auth	0005_alter_user_last_login_null	2024-12-22 10:12:52.502597+02
42	auth	0006_require_contenttypes_0002	2024-12-22 10:12:52.504596+02
43	auth	0007_alter_validators_add_error_messages	2024-12-22 10:12:52.521597+02
44	auth	0008_alter_user_username_max_length	2024-12-22 10:12:52.547603+02
45	auth	0009_alter_user_last_name_max_length	2024-12-22 10:12:52.565598+02
46	auth	0010_alter_group_name_max_length	2024-12-22 10:12:52.5906+02
47	auth	0011_update_proxy_permissions	2024-12-22 10:12:52.647593+02
48	auth	0012_alter_user_first_name_max_length	2024-12-22 10:12:52.658595+02
49	sessions	0001_initial	2024-12-22 10:12:52.670596+02
50	Anaconda_bus_APP	0002_alter_passenger_id	2024-12-22 10:50:17.297453+02
51	Anaconda_bus_APP	0003_alter_passenger_university_code	2024-12-22 12:47:23.512106+02
52	auth	0013_user_can_view_courses	2024-12-22 12:47:23.536296+02
53	auth	0014_remove_user_can_view_courses	2024-12-22 12:47:23.54929+02
54	Anaconda_bus_APP	0004_alter_trip_route	2024-12-23 11:51:31.586202+02
55	Anaconda_bus_APP	0005_booking_selected_route	2024-12-23 12:04:58.595944+02
56	Anaconda_bus_APP	0006_alter_booking_selected_route	2024-12-23 14:10:05.888187+02
57	Anaconda_bus_APP	0007_bus_driver_number	2024-12-23 14:49:45.636592+02
58	Anaconda_bus_APP	0008_booking_seat_one_way_booking_seat_return_and_more	2024-12-23 16:31:36.063211+02
59	Anaconda_bus_APP	0009_remove_booking_seat_one_way_and_more	2024-12-23 16:56:05.784036+02
60	Anaconda_bus_APP	0010_alter_booking_status	2024-12-23 19:46:27.59273+02
61	Anaconda_bus_APP	0011_alter_booking_payment_method	2025-01-05 22:01:08.498735+02
62	Anaconda_bus_APP	0012_attendance_booking	2025-01-05 22:10:28.119391+02
63	Anaconda_bus_APP	0013_remove_attendance_booking	2025-01-05 22:14:54.330666+02
\.


--
-- Data for Name: django_session; Type: TABLE DATA; Schema: public; Owner: postgres
--

COPY public.django_session (session_key, session_data, expire_date) FROM stdin;
0it7by4khviai18m4igsgs5sbvmeb00m	.eJxVjMsOgjAQRf-la9N0WjBTl-79hmZeCGogobAi_ruSsNDtPefczRVal76s1eYyqLs4cKffjUmeNu5AHzTeJy_TuMwD-13xB63-Nqm9rof7d9BT7b91xyop65mQlYySUqc5RQoBDaCNjUQBRM4QOSbGlpKYhs4aQMkY3fsDGO84rg:1tUxBN:wdl0vEXg101Zk3IpI2kgn3d1_DkPpJzjKOwjT_GZFqM	2025-01-21 02:10:53.55789+02
p68dygdrh9kowcommbdzj8x61vwv7yxv	.eJxVjMsOgjAQRf-la9N0WjBTl-79hmZeCGogobAi_ruSsNDtPefczRVal76s1eYyqLs4cKffjUmeNu5AHzTeJy_TuMwD-13xB63-Nqm9rof7d9BT7b91xyop65mQlYySUqc5RQoBDaCNjUQBRM4QOSbGlpKYhs4aQMkY3fsDGO84rg:1tPI6B:vSaNsGVrkDVCBTJLUIMjmvdeDQGV9WSe1hYbjWzvQ1I	2025-01-05 11:18:07.699403+02
i6rc68tcxsy8im00l6nhwglb49nbqwfy	.eJxVjMsOgjAQRf-la9N0WjBTl-79hmZeCGogobAi_ruSsNDtPefczRVal76s1eYyqLs4cKffjUmeNu5AHzTeJy_TuMwD-13xB63-Nqm9rof7d9BT7b91xyop65mQlYySUqc5RQoBDaCNjUQBRM4QOSbGlpKYhs4aQMkY3fsDGO84rg:1tQ3I1:r3CkqZRM9r0gzgp7A_h95ZLI0XCaiAmVeLx5owl-Nt8	2025-01-07 13:41:29.899098+02
kg6k1wgce12clmnma8qsqrf7xnnq0mv2	.eJxVjMsOgjAQRf-la9N0WjBTl-79hmZeCGogobAi_ruSsNDtPefczRVal76s1eYyqLs4cKffjUmeNu5AHzTeJy_TuMwD-13xB63-Nqm9rof7d9BT7b91xyop65mQlYySUqc5RQoBDaCNjUQBRM4QOSbGlpKYhs4aQMkY3fsDGO84rg:1tQD6f:gP-FFWemKsNquUDrD9LiYZKYMEEpoUmFYhCilitfDXA	2025-01-08 00:10:25.949909+02
cpkoixzs9to0z2mp9tg3q8f9hbn37eh1	.eJxVjMsOgjAQRf-la9N0WjBTl-79hmZeCGogobAi_ruSsNDtPefczRVal76s1eYyqLs4cKffjUmeNu5AHzTeJy_TuMwD-13xB63-Nqm9rof7d9BT7b91xyop65mQlYySUqc5RQoBDaCNjUQBRM4QOSbGlpKYhs4aQMkY3fsDGO84rg:1tQsnU:MCUu5Svwj6H1s6U6gvLtlsfgb49KcCz9PuuMSa58kb4	2025-01-09 20:41:24.786379+02
5ukbju2tq2lcyrt7z0iokl3qvsvndt1d	.eJxVjMsOgjAQRf-la9N0WjBTl-79hmZeCGogobAi_ruSsNDtPefczRVal76s1eYyqLs4cKffjUmeNu5AHzTeJy_TuMwD-13xB63-Nqm9rof7d9BT7b91xyop65mQlYySUqc5RQoBDaCNjUQBRM4QOSbGlpKYhs4aQMkY3fsDGO84rg:1tUqNy:eXd2I1XNWze8alsw9epM0_LI2iR9qq4Yo4r8SFHMXyw	2025-01-20 18:55:26.183935+02
\.


--
-- Name: Anaconda_bus_APP_attendance_id_seq; Type: SEQUENCE SET; Schema: public; Owner: postgres
--

SELECT pg_catalog.setval('public."Anaconda_bus_APP_attendance_id_seq"', 2, true);


--
-- Name: Anaconda_bus_APP_booking_id_seq; Type: SEQUENCE SET; Schema: public; Owner: postgres
--

SELECT pg_catalog.setval('public."Anaconda_bus_APP_booking_id_seq"', 72, true);


--
-- Name: Anaconda_bus_APP_booking_seats_reserved_id_seq; Type: SEQUENCE SET; Schema: public; Owner: postgres
--

SELECT pg_catalog.setval('public."Anaconda_bus_APP_booking_seats_reserved_id_seq"', 79, true);


--
-- Name: Anaconda_bus_APP_bus_id_seq; Type: SEQUENCE SET; Schema: public; Owner: postgres
--

SELECT pg_catalog.setval('public."Anaconda_bus_APP_bus_id_seq"', 3, true);


--
-- Name: Anaconda_bus_APP_category_id_seq; Type: SEQUENCE SET; Schema: public; Owner: postgres
--

SELECT pg_catalog.setval('public."Anaconda_bus_APP_category_id_seq"', 5, true);


--
-- Name: Anaconda_bus_APP_destination_id_seq; Type: SEQUENCE SET; Schema: public; Owner: postgres
--

SELECT pg_catalog.setval('public."Anaconda_bus_APP_destination_id_seq"', 2, true);


--
-- Name: Anaconda_bus_APP_passenger_id_seq; Type: SEQUENCE SET; Schema: public; Owner: postgres
--

SELECT pg_catalog.setval('public."Anaconda_bus_APP_passenger_id_seq"', 7, true);


--
-- Name: Anaconda_bus_APP_payment_id_seq; Type: SEQUENCE SET; Schema: public; Owner: postgres
--

SELECT pg_catalog.setval('public."Anaconda_bus_APP_payment_id_seq"', 1, false);


--
-- Name: Anaconda_bus_APP_paymentaccount_id_seq; Type: SEQUENCE SET; Schema: public; Owner: postgres
--

SELECT pg_catalog.setval('public."Anaconda_bus_APP_paymentaccount_id_seq"', 3, true);


--
-- Name: Anaconda_bus_APP_route_id_seq; Type: SEQUENCE SET; Schema: public; Owner: postgres
--

SELECT pg_catalog.setval('public."Anaconda_bus_APP_route_id_seq"', 1, false);


--
-- Name: Anaconda_bus_APP_seat_id_seq; Type: SEQUENCE SET; Schema: public; Owner: postgres
--

SELECT pg_catalog.setval('public."Anaconda_bus_APP_seat_id_seq"', 166, true);


--
-- Name: Anaconda_bus_APP_trip_id_seq; Type: SEQUENCE SET; Schema: public; Owner: postgres
--

SELECT pg_catalog.setval('public."Anaconda_bus_APP_trip_id_seq"', 37, true);


--
-- Name: admin_interface_theme_id_seq; Type: SEQUENCE SET; Schema: public; Owner: postgres
--

SELECT pg_catalog.setval('public.admin_interface_theme_id_seq', 1, true);


--
-- Name: auth_group_id_seq; Type: SEQUENCE SET; Schema: public; Owner: postgres
--

SELECT pg_catalog.setval('public.auth_group_id_seq', 1, false);


--
-- Name: auth_group_permissions_id_seq; Type: SEQUENCE SET; Schema: public; Owner: postgres
--

SELECT pg_catalog.setval('public.auth_group_permissions_id_seq', 1, false);


--
-- Name: auth_permission_id_seq; Type: SEQUENCE SET; Schema: public; Owner: postgres
--

SELECT pg_catalog.setval('public.auth_permission_id_seq', 72, true);


--
-- Name: auth_user_groups_id_seq; Type: SEQUENCE SET; Schema: public; Owner: postgres
--

SELECT pg_catalog.setval('public.auth_user_groups_id_seq', 1, false);


--
-- Name: auth_user_id_seq; Type: SEQUENCE SET; Schema: public; Owner: postgres
--

SELECT pg_catalog.setval('public.auth_user_id_seq', 7, true);


--
-- Name: auth_user_user_permissions_id_seq; Type: SEQUENCE SET; Schema: public; Owner: postgres
--

SELECT pg_catalog.setval('public.auth_user_user_permissions_id_seq', 1, false);


--
-- Name: django_admin_log_id_seq; Type: SEQUENCE SET; Schema: public; Owner: postgres
--

SELECT pg_catalog.setval('public.django_admin_log_id_seq', 175, true);


--
-- Name: django_content_type_id_seq; Type: SEQUENCE SET; Schema: public; Owner: postgres
--

SELECT pg_catalog.setval('public.django_content_type_id_seq', 18, true);


--
-- Name: django_migrations_id_seq; Type: SEQUENCE SET; Schema: public; Owner: postgres
--

SELECT pg_catalog.setval('public.django_migrations_id_seq', 63, true);


--
-- Name: Anaconda_bus_APP_attendance Anaconda_bus_APP_attendance_pkey; Type: CONSTRAINT; Schema: public; Owner: postgres
--

ALTER TABLE ONLY public."Anaconda_bus_APP_attendance"
    ADD CONSTRAINT "Anaconda_bus_APP_attendance_pkey" PRIMARY KEY (id);


--
-- Name: Anaconda_bus_APP_booking_seats_reserved Anaconda_bus_APP_booking_booking_id_seat_id_d97b16a3_uniq; Type: CONSTRAINT; Schema: public; Owner: postgres
--

ALTER TABLE ONLY public."Anaconda_bus_APP_booking_seats_reserved"
    ADD CONSTRAINT "Anaconda_bus_APP_booking_booking_id_seat_id_d97b16a3_uniq" UNIQUE (booking_id, seat_id);


--
-- Name: Anaconda_bus_APP_booking Anaconda_bus_APP_booking_pkey; Type: CONSTRAINT; Schema: public; Owner: postgres
--

ALTER TABLE ONLY public."Anaconda_bus_APP_booking"
    ADD CONSTRAINT "Anaconda_bus_APP_booking_pkey" PRIMARY KEY (id);


--
-- Name: Anaconda_bus_APP_booking_seats_reserved Anaconda_bus_APP_booking_seats_reserved_pkey; Type: CONSTRAINT; Schema: public; Owner: postgres
--

ALTER TABLE ONLY public."Anaconda_bus_APP_booking_seats_reserved"
    ADD CONSTRAINT "Anaconda_bus_APP_booking_seats_reserved_pkey" PRIMARY KEY (id);


--
-- Name: Anaconda_bus_APP_booking Anaconda_bus_APP_booking_serial_code_key; Type: CONSTRAINT; Schema: public; Owner: postgres
--

ALTER TABLE ONLY public."Anaconda_bus_APP_booking"
    ADD CONSTRAINT "Anaconda_bus_APP_booking_serial_code_key" UNIQUE (serial_code);


--
-- Name: Anaconda_bus_APP_bus Anaconda_bus_APP_bus_pkey; Type: CONSTRAINT; Schema: public; Owner: postgres
--

ALTER TABLE ONLY public."Anaconda_bus_APP_bus"
    ADD CONSTRAINT "Anaconda_bus_APP_bus_pkey" PRIMARY KEY (id);


--
-- Name: Anaconda_bus_APP_category Anaconda_bus_APP_category_pkey; Type: CONSTRAINT; Schema: public; Owner: postgres
--

ALTER TABLE ONLY public."Anaconda_bus_APP_category"
    ADD CONSTRAINT "Anaconda_bus_APP_category_pkey" PRIMARY KEY (id);


--
-- Name: Anaconda_bus_APP_destination Anaconda_bus_APP_destination_pkey; Type: CONSTRAINT; Schema: public; Owner: postgres
--

ALTER TABLE ONLY public."Anaconda_bus_APP_destination"
    ADD CONSTRAINT "Anaconda_bus_APP_destination_pkey" PRIMARY KEY (id);


--
-- Name: Anaconda_bus_APP_passenger Anaconda_bus_APP_passenger_pkey; Type: CONSTRAINT; Schema: public; Owner: postgres
--

ALTER TABLE ONLY public."Anaconda_bus_APP_passenger"
    ADD CONSTRAINT "Anaconda_bus_APP_passenger_pkey" PRIMARY KEY (id);


--
-- Name: Anaconda_bus_APP_passenger Anaconda_bus_APP_passenger_university_code_9da6b78d_uniq; Type: CONSTRAINT; Schema: public; Owner: postgres
--

ALTER TABLE ONLY public."Anaconda_bus_APP_passenger"
    ADD CONSTRAINT "Anaconda_bus_APP_passenger_university_code_9da6b78d_uniq" UNIQUE (university_code);


--
-- Name: Anaconda_bus_APP_passenger Anaconda_bus_APP_passenger_user_id_key; Type: CONSTRAINT; Schema: public; Owner: postgres
--

ALTER TABLE ONLY public."Anaconda_bus_APP_passenger"
    ADD CONSTRAINT "Anaconda_bus_APP_passenger_user_id_key" UNIQUE (user_id);


--
-- Name: Anaconda_bus_APP_payment Anaconda_bus_APP_payment_booking_id_key; Type: CONSTRAINT; Schema: public; Owner: postgres
--

ALTER TABLE ONLY public."Anaconda_bus_APP_payment"
    ADD CONSTRAINT "Anaconda_bus_APP_payment_booking_id_key" UNIQUE (booking_id);


--
-- Name: Anaconda_bus_APP_payment Anaconda_bus_APP_payment_pkey; Type: CONSTRAINT; Schema: public; Owner: postgres
--

ALTER TABLE ONLY public."Anaconda_bus_APP_payment"
    ADD CONSTRAINT "Anaconda_bus_APP_payment_pkey" PRIMARY KEY (id);


--
-- Name: Anaconda_bus_APP_paymentaccount Anaconda_bus_APP_paymentaccount_pkey; Type: CONSTRAINT; Schema: public; Owner: postgres
--

ALTER TABLE ONLY public."Anaconda_bus_APP_paymentaccount"
    ADD CONSTRAINT "Anaconda_bus_APP_paymentaccount_pkey" PRIMARY KEY (id);


--
-- Name: Anaconda_bus_APP_route Anaconda_bus_APP_route_pkey; Type: CONSTRAINT; Schema: public; Owner: postgres
--

ALTER TABLE ONLY public."Anaconda_bus_APP_route"
    ADD CONSTRAINT "Anaconda_bus_APP_route_pkey" PRIMARY KEY (id);


--
-- Name: Anaconda_bus_APP_seat Anaconda_bus_APP_seat_pkey; Type: CONSTRAINT; Schema: public; Owner: postgres
--

ALTER TABLE ONLY public."Anaconda_bus_APP_seat"
    ADD CONSTRAINT "Anaconda_bus_APP_seat_pkey" PRIMARY KEY (id);


--
-- Name: Anaconda_bus_APP_trip Anaconda_bus_APP_trip_pkey; Type: CONSTRAINT; Schema: public; Owner: postgres
--

ALTER TABLE ONLY public."Anaconda_bus_APP_trip"
    ADD CONSTRAINT "Anaconda_bus_APP_trip_pkey" PRIMARY KEY (id);


--
-- Name: admin_interface_theme admin_interface_theme_name_30bda70f_uniq; Type: CONSTRAINT; Schema: public; Owner: postgres
--

ALTER TABLE ONLY public.admin_interface_theme
    ADD CONSTRAINT admin_interface_theme_name_30bda70f_uniq UNIQUE (name);


--
-- Name: admin_interface_theme admin_interface_theme_pkey; Type: CONSTRAINT; Schema: public; Owner: postgres
--

ALTER TABLE ONLY public.admin_interface_theme
    ADD CONSTRAINT admin_interface_theme_pkey PRIMARY KEY (id);


--
-- Name: auth_group auth_group_name_key; Type: CONSTRAINT; Schema: public; Owner: postgres
--

ALTER TABLE ONLY public.auth_group
    ADD CONSTRAINT auth_group_name_key UNIQUE (name);


--
-- Name: auth_group_permissions auth_group_permissions_group_id_permission_id_0cd325b0_uniq; Type: CONSTRAINT; Schema: public; Owner: postgres
--

ALTER TABLE ONLY public.auth_group_permissions
    ADD CONSTRAINT auth_group_permissions_group_id_permission_id_0cd325b0_uniq UNIQUE (group_id, permission_id);


--
-- Name: auth_group_permissions auth_group_permissions_pkey; Type: CONSTRAINT; Schema: public; Owner: postgres
--

ALTER TABLE ONLY public.auth_group_permissions
    ADD CONSTRAINT auth_group_permissions_pkey PRIMARY KEY (id);


--
-- Name: auth_group auth_group_pkey; Type: CONSTRAINT; Schema: public; Owner: postgres
--

ALTER TABLE ONLY public.auth_group
    ADD CONSTRAINT auth_group_pkey PRIMARY KEY (id);


--
-- Name: auth_permission auth_permission_content_type_id_codename_01ab375a_uniq; Type: CONSTRAINT; Schema: public; Owner: postgres
--

ALTER TABLE ONLY public.auth_permission
    ADD CONSTRAINT auth_permission_content_type_id_codename_01ab375a_uniq UNIQUE (content_type_id, codename);


--
-- Name: auth_permission auth_permission_pkey; Type: CONSTRAINT; Schema: public; Owner: postgres
--

ALTER TABLE ONLY public.auth_permission
    ADD CONSTRAINT auth_permission_pkey PRIMARY KEY (id);


--
-- Name: auth_user_groups auth_user_groups_pkey; Type: CONSTRAINT; Schema: public; Owner: postgres
--

ALTER TABLE ONLY public.auth_user_groups
    ADD CONSTRAINT auth_user_groups_pkey PRIMARY KEY (id);


--
-- Name: auth_user_groups auth_user_groups_user_id_group_id_94350c0c_uniq; Type: CONSTRAINT; Schema: public; Owner: postgres
--

ALTER TABLE ONLY public.auth_user_groups
    ADD CONSTRAINT auth_user_groups_user_id_group_id_94350c0c_uniq UNIQUE (user_id, group_id);


--
-- Name: auth_user auth_user_pkey; Type: CONSTRAINT; Schema: public; Owner: postgres
--

ALTER TABLE ONLY public.auth_user
    ADD CONSTRAINT auth_user_pkey PRIMARY KEY (id);


--
-- Name: auth_user_user_permissions auth_user_user_permissions_pkey; Type: CONSTRAINT; Schema: public; Owner: postgres
--

ALTER TABLE ONLY public.auth_user_user_permissions
    ADD CONSTRAINT auth_user_user_permissions_pkey PRIMARY KEY (id);


--
-- Name: auth_user_user_permissions auth_user_user_permissions_user_id_permission_id_14a6b632_uniq; Type: CONSTRAINT; Schema: public; Owner: postgres
--

ALTER TABLE ONLY public.auth_user_user_permissions
    ADD CONSTRAINT auth_user_user_permissions_user_id_permission_id_14a6b632_uniq UNIQUE (user_id, permission_id);


--
-- Name: auth_user auth_user_username_key; Type: CONSTRAINT; Schema: public; Owner: postgres
--

ALTER TABLE ONLY public.auth_user
    ADD CONSTRAINT auth_user_username_key UNIQUE (username);


--
-- Name: django_admin_log django_admin_log_pkey; Type: CONSTRAINT; Schema: public; Owner: postgres
--

ALTER TABLE ONLY public.django_admin_log
    ADD CONSTRAINT django_admin_log_pkey PRIMARY KEY (id);


--
-- Name: django_content_type django_content_type_app_label_model_76bd3d3b_uniq; Type: CONSTRAINT; Schema: public; Owner: postgres
--

ALTER TABLE ONLY public.django_content_type
    ADD CONSTRAINT django_content_type_app_label_model_76bd3d3b_uniq UNIQUE (app_label, model);


--
-- Name: django_content_type django_content_type_pkey; Type: CONSTRAINT; Schema: public; Owner: postgres
--

ALTER TABLE ONLY public.django_content_type
    ADD CONSTRAINT django_content_type_pkey PRIMARY KEY (id);


--
-- Name: django_migrations django_migrations_pkey; Type: CONSTRAINT; Schema: public; Owner: postgres
--

ALTER TABLE ONLY public.django_migrations
    ADD CONSTRAINT django_migrations_pkey PRIMARY KEY (id);


--
-- Name: django_session django_session_pkey; Type: CONSTRAINT; Schema: public; Owner: postgres
--

ALTER TABLE ONLY public.django_session
    ADD CONSTRAINT django_session_pkey PRIMARY KEY (session_key);


--
-- Name: Anaconda_bus_APP_booking_Trip_id_4bc72875; Type: INDEX; Schema: public; Owner: postgres
--

CREATE INDEX "Anaconda_bus_APP_booking_Trip_id_4bc72875" ON public."Anaconda_bus_APP_booking" USING btree ("Trip_id");


--
-- Name: Anaconda_bus_APP_booking_passenger_id_8fd9812d; Type: INDEX; Schema: public; Owner: postgres
--

CREATE INDEX "Anaconda_bus_APP_booking_passenger_id_8fd9812d" ON public."Anaconda_bus_APP_booking" USING btree (passenger_id);


--
-- Name: Anaconda_bus_APP_booking_seats_reserved_booking_id_76700c48; Type: INDEX; Schema: public; Owner: postgres
--

CREATE INDEX "Anaconda_bus_APP_booking_seats_reserved_booking_id_76700c48" ON public."Anaconda_bus_APP_booking_seats_reserved" USING btree (booking_id);


--
-- Name: Anaconda_bus_APP_booking_seats_reserved_seat_id_6fe717ea; Type: INDEX; Schema: public; Owner: postgres
--

CREATE INDEX "Anaconda_bus_APP_booking_seats_reserved_seat_id_6fe717ea" ON public."Anaconda_bus_APP_booking_seats_reserved" USING btree (seat_id);


--
-- Name: Anaconda_bus_APP_booking_serial_code_4489a53d_like; Type: INDEX; Schema: public; Owner: postgres
--

CREATE INDEX "Anaconda_bus_APP_booking_serial_code_4489a53d_like" ON public."Anaconda_bus_APP_booking" USING btree (serial_code varchar_pattern_ops);


--
-- Name: Anaconda_bus_APP_booking_user_id_ac125c26; Type: INDEX; Schema: public; Owner: postgres
--

CREATE INDEX "Anaconda_bus_APP_booking_user_id_ac125c26" ON public."Anaconda_bus_APP_booking" USING btree (user_id);


--
-- Name: Anaconda_bus_APP_bus_Bus_driver_id_11e2ec1e; Type: INDEX; Schema: public; Owner: postgres
--

CREATE INDEX "Anaconda_bus_APP_bus_Bus_driver_id_11e2ec1e" ON public."Anaconda_bus_APP_bus" USING btree ("Bus_driver_id");


--
-- Name: Anaconda_bus_APP_bus_category_id_9f9f5e1e; Type: INDEX; Schema: public; Owner: postgres
--

CREATE INDEX "Anaconda_bus_APP_bus_category_id_9f9f5e1e" ON public."Anaconda_bus_APP_bus" USING btree (category_id);


--
-- Name: Anaconda_bus_APP_passenger_category_id_00a2a605; Type: INDEX; Schema: public; Owner: postgres
--

CREATE INDEX "Anaconda_bus_APP_passenger_category_id_00a2a605" ON public."Anaconda_bus_APP_passenger" USING btree (category_id);


--
-- Name: Anaconda_bus_APP_passenger_university_code_9da6b78d_like; Type: INDEX; Schema: public; Owner: postgres
--

CREATE INDEX "Anaconda_bus_APP_passenger_university_code_9da6b78d_like" ON public."Anaconda_bus_APP_passenger" USING btree (university_code varchar_pattern_ops);


--
-- Name: Anaconda_bus_APP_seat_bus_id_e73451fd; Type: INDEX; Schema: public; Owner: postgres
--

CREATE INDEX "Anaconda_bus_APP_seat_bus_id_e73451fd" ON public."Anaconda_bus_APP_seat" USING btree (bus_id);


--
-- Name: Anaconda_bus_APP_trip_bus_id_50573bdc; Type: INDEX; Schema: public; Owner: postgres
--

CREATE INDEX "Anaconda_bus_APP_trip_bus_id_50573bdc" ON public."Anaconda_bus_APP_trip" USING btree (bus_id);


--
-- Name: Anaconda_bus_APP_trip_end_destination_id_f83932a6; Type: INDEX; Schema: public; Owner: postgres
--

CREATE INDEX "Anaconda_bus_APP_trip_end_destination_id_f83932a6" ON public."Anaconda_bus_APP_trip" USING btree (end_destination_id);


--
-- Name: Anaconda_bus_APP_trip_start_destination_id_3a34b097; Type: INDEX; Schema: public; Owner: postgres
--

CREATE INDEX "Anaconda_bus_APP_trip_start_destination_id_3a34b097" ON public."Anaconda_bus_APP_trip" USING btree (start_destination_id);


--
-- Name: admin_interface_theme_name_30bda70f_like; Type: INDEX; Schema: public; Owner: postgres
--

CREATE INDEX admin_interface_theme_name_30bda70f_like ON public.admin_interface_theme USING btree (name varchar_pattern_ops);


--
-- Name: auth_group_name_a6ea08ec_like; Type: INDEX; Schema: public; Owner: postgres
--

CREATE INDEX auth_group_name_a6ea08ec_like ON public.auth_group USING btree (name varchar_pattern_ops);


--
-- Name: auth_group_permissions_group_id_b120cbf9; Type: INDEX; Schema: public; Owner: postgres
--

CREATE INDEX auth_group_permissions_group_id_b120cbf9 ON public.auth_group_permissions USING btree (group_id);


--
-- Name: auth_group_permissions_permission_id_84c5c92e; Type: INDEX; Schema: public; Owner: postgres
--

CREATE INDEX auth_group_permissions_permission_id_84c5c92e ON public.auth_group_permissions USING btree (permission_id);


--
-- Name: auth_permission_content_type_id_2f476e4b; Type: INDEX; Schema: public; Owner: postgres
--

CREATE INDEX auth_permission_content_type_id_2f476e4b ON public.auth_permission USING btree (content_type_id);


--
-- Name: auth_user_groups_group_id_97559544; Type: INDEX; Schema: public; Owner: postgres
--

CREATE INDEX auth_user_groups_group_id_97559544 ON public.auth_user_groups USING btree (group_id);


--
-- Name: auth_user_groups_user_id_6a12ed8b; Type: INDEX; Schema: public; Owner: postgres
--

CREATE INDEX auth_user_groups_user_id_6a12ed8b ON public.auth_user_groups USING btree (user_id);


--
-- Name: auth_user_user_permissions_permission_id_1fbb5f2c; Type: INDEX; Schema: public; Owner: postgres
--

CREATE INDEX auth_user_user_permissions_permission_id_1fbb5f2c ON public.auth_user_user_permissions USING btree (permission_id);


--
-- Name: auth_user_user_permissions_user_id_a95ead1b; Type: INDEX; Schema: public; Owner: postgres
--

CREATE INDEX auth_user_user_permissions_user_id_a95ead1b ON public.auth_user_user_permissions USING btree (user_id);


--
-- Name: auth_user_username_6821ab7c_like; Type: INDEX; Schema: public; Owner: postgres
--

CREATE INDEX auth_user_username_6821ab7c_like ON public.auth_user USING btree (username varchar_pattern_ops);


--
-- Name: django_admin_log_content_type_id_c4bce8eb; Type: INDEX; Schema: public; Owner: postgres
--

CREATE INDEX django_admin_log_content_type_id_c4bce8eb ON public.django_admin_log USING btree (content_type_id);


--
-- Name: django_admin_log_user_id_c564eba6; Type: INDEX; Schema: public; Owner: postgres
--

CREATE INDEX django_admin_log_user_id_c564eba6 ON public.django_admin_log USING btree (user_id);


--
-- Name: django_session_expire_date_a5c62663; Type: INDEX; Schema: public; Owner: postgres
--

CREATE INDEX django_session_expire_date_a5c62663 ON public.django_session USING btree (expire_date);


--
-- Name: django_session_session_key_c0390e0f_like; Type: INDEX; Schema: public; Owner: postgres
--

CREATE INDEX django_session_session_key_c0390e0f_like ON public.django_session USING btree (session_key varchar_pattern_ops);


--
-- Name: Anaconda_bus_APP_booking Anaconda_bus_APP_boo_Trip_id_4bc72875_fk_Anaconda_; Type: FK CONSTRAINT; Schema: public; Owner: postgres
--

ALTER TABLE ONLY public."Anaconda_bus_APP_booking"
    ADD CONSTRAINT "Anaconda_bus_APP_boo_Trip_id_4bc72875_fk_Anaconda_" FOREIGN KEY ("Trip_id") REFERENCES public."Anaconda_bus_APP_trip"(id) DEFERRABLE INITIALLY DEFERRED;


--
-- Name: Anaconda_bus_APP_booking_seats_reserved Anaconda_bus_APP_boo_booking_id_76700c48_fk_Anaconda_; Type: FK CONSTRAINT; Schema: public; Owner: postgres
--

ALTER TABLE ONLY public."Anaconda_bus_APP_booking_seats_reserved"
    ADD CONSTRAINT "Anaconda_bus_APP_boo_booking_id_76700c48_fk_Anaconda_" FOREIGN KEY (booking_id) REFERENCES public."Anaconda_bus_APP_booking"(id) DEFERRABLE INITIALLY DEFERRED;


--
-- Name: Anaconda_bus_APP_booking Anaconda_bus_APP_boo_passenger_id_8fd9812d_fk_Anaconda_; Type: FK CONSTRAINT; Schema: public; Owner: postgres
--

ALTER TABLE ONLY public."Anaconda_bus_APP_booking"
    ADD CONSTRAINT "Anaconda_bus_APP_boo_passenger_id_8fd9812d_fk_Anaconda_" FOREIGN KEY (passenger_id) REFERENCES public."Anaconda_bus_APP_passenger"(id) DEFERRABLE INITIALLY DEFERRED;


--
-- Name: Anaconda_bus_APP_booking_seats_reserved Anaconda_bus_APP_boo_seat_id_6fe717ea_fk_Anaconda_; Type: FK CONSTRAINT; Schema: public; Owner: postgres
--

ALTER TABLE ONLY public."Anaconda_bus_APP_booking_seats_reserved"
    ADD CONSTRAINT "Anaconda_bus_APP_boo_seat_id_6fe717ea_fk_Anaconda_" FOREIGN KEY (seat_id) REFERENCES public."Anaconda_bus_APP_seat"(id) DEFERRABLE INITIALLY DEFERRED;


--
-- Name: Anaconda_bus_APP_booking Anaconda_bus_APP_booking_user_id_ac125c26_fk_auth_user_id; Type: FK CONSTRAINT; Schema: public; Owner: postgres
--

ALTER TABLE ONLY public."Anaconda_bus_APP_booking"
    ADD CONSTRAINT "Anaconda_bus_APP_booking_user_id_ac125c26_fk_auth_user_id" FOREIGN KEY (user_id) REFERENCES public.auth_user(id) DEFERRABLE INITIALLY DEFERRED;


--
-- Name: Anaconda_bus_APP_bus Anaconda_bus_APP_bus_Bus_driver_id_11e2ec1e_fk_auth_user_id; Type: FK CONSTRAINT; Schema: public; Owner: postgres
--

ALTER TABLE ONLY public."Anaconda_bus_APP_bus"
    ADD CONSTRAINT "Anaconda_bus_APP_bus_Bus_driver_id_11e2ec1e_fk_auth_user_id" FOREIGN KEY ("Bus_driver_id") REFERENCES public.auth_user(id) DEFERRABLE INITIALLY DEFERRED;


--
-- Name: Anaconda_bus_APP_bus Anaconda_bus_APP_bus_category_id_9f9f5e1e_fk_Anaconda_; Type: FK CONSTRAINT; Schema: public; Owner: postgres
--

ALTER TABLE ONLY public."Anaconda_bus_APP_bus"
    ADD CONSTRAINT "Anaconda_bus_APP_bus_category_id_9f9f5e1e_fk_Anaconda_" FOREIGN KEY (category_id) REFERENCES public."Anaconda_bus_APP_category"(id) DEFERRABLE INITIALLY DEFERRED;


--
-- Name: Anaconda_bus_APP_passenger Anaconda_bus_APP_pas_category_id_00a2a605_fk_Anaconda_; Type: FK CONSTRAINT; Schema: public; Owner: postgres
--

ALTER TABLE ONLY public."Anaconda_bus_APP_passenger"
    ADD CONSTRAINT "Anaconda_bus_APP_pas_category_id_00a2a605_fk_Anaconda_" FOREIGN KEY (category_id) REFERENCES public."Anaconda_bus_APP_category"(id) DEFERRABLE INITIALLY DEFERRED;


--
-- Name: Anaconda_bus_APP_passenger Anaconda_bus_APP_passenger_user_id_f661a8cd_fk_auth_user_id; Type: FK CONSTRAINT; Schema: public; Owner: postgres
--

ALTER TABLE ONLY public."Anaconda_bus_APP_passenger"
    ADD CONSTRAINT "Anaconda_bus_APP_passenger_user_id_f661a8cd_fk_auth_user_id" FOREIGN KEY (user_id) REFERENCES public.auth_user(id) DEFERRABLE INITIALLY DEFERRED;


--
-- Name: Anaconda_bus_APP_payment Anaconda_bus_APP_pay_booking_id_fa0f162a_fk_Anaconda_; Type: FK CONSTRAINT; Schema: public; Owner: postgres
--

ALTER TABLE ONLY public."Anaconda_bus_APP_payment"
    ADD CONSTRAINT "Anaconda_bus_APP_pay_booking_id_fa0f162a_fk_Anaconda_" FOREIGN KEY (booking_id) REFERENCES public."Anaconda_bus_APP_booking"(id) DEFERRABLE INITIALLY DEFERRED;


--
-- Name: Anaconda_bus_APP_seat Anaconda_bus_APP_sea_bus_id_e73451fd_fk_Anaconda_; Type: FK CONSTRAINT; Schema: public; Owner: postgres
--

ALTER TABLE ONLY public."Anaconda_bus_APP_seat"
    ADD CONSTRAINT "Anaconda_bus_APP_sea_bus_id_e73451fd_fk_Anaconda_" FOREIGN KEY (bus_id) REFERENCES public."Anaconda_bus_APP_bus"(id) DEFERRABLE INITIALLY DEFERRED;


--
-- Name: Anaconda_bus_APP_trip Anaconda_bus_APP_tri_bus_id_50573bdc_fk_Anaconda_; Type: FK CONSTRAINT; Schema: public; Owner: postgres
--

ALTER TABLE ONLY public."Anaconda_bus_APP_trip"
    ADD CONSTRAINT "Anaconda_bus_APP_tri_bus_id_50573bdc_fk_Anaconda_" FOREIGN KEY (bus_id) REFERENCES public."Anaconda_bus_APP_bus"(id) DEFERRABLE INITIALLY DEFERRED;


--
-- Name: Anaconda_bus_APP_trip Anaconda_bus_APP_tri_end_destination_id_f83932a6_fk_Anaconda_; Type: FK CONSTRAINT; Schema: public; Owner: postgres
--

ALTER TABLE ONLY public."Anaconda_bus_APP_trip"
    ADD CONSTRAINT "Anaconda_bus_APP_tri_end_destination_id_f83932a6_fk_Anaconda_" FOREIGN KEY (end_destination_id) REFERENCES public."Anaconda_bus_APP_destination"(id) DEFERRABLE INITIALLY DEFERRED;


--
-- Name: Anaconda_bus_APP_trip Anaconda_bus_APP_tri_start_destination_id_3a34b097_fk_Anaconda_; Type: FK CONSTRAINT; Schema: public; Owner: postgres
--

ALTER TABLE ONLY public."Anaconda_bus_APP_trip"
    ADD CONSTRAINT "Anaconda_bus_APP_tri_start_destination_id_3a34b097_fk_Anaconda_" FOREIGN KEY (start_destination_id) REFERENCES public."Anaconda_bus_APP_destination"(id) DEFERRABLE INITIALLY DEFERRED;


--
-- Name: auth_group_permissions auth_group_permissio_permission_id_84c5c92e_fk_auth_perm; Type: FK CONSTRAINT; Schema: public; Owner: postgres
--

ALTER TABLE ONLY public.auth_group_permissions
    ADD CONSTRAINT auth_group_permissio_permission_id_84c5c92e_fk_auth_perm FOREIGN KEY (permission_id) REFERENCES public.auth_permission(id) DEFERRABLE INITIALLY DEFERRED;


--
-- Name: auth_group_permissions auth_group_permissions_group_id_b120cbf9_fk_auth_group_id; Type: FK CONSTRAINT; Schema: public; Owner: postgres
--

ALTER TABLE ONLY public.auth_group_permissions
    ADD CONSTRAINT auth_group_permissions_group_id_b120cbf9_fk_auth_group_id FOREIGN KEY (group_id) REFERENCES public.auth_group(id) DEFERRABLE INITIALLY DEFERRED;


--
-- Name: auth_permission auth_permission_content_type_id_2f476e4b_fk_django_co; Type: FK CONSTRAINT; Schema: public; Owner: postgres
--

ALTER TABLE ONLY public.auth_permission
    ADD CONSTRAINT auth_permission_content_type_id_2f476e4b_fk_django_co FOREIGN KEY (content_type_id) REFERENCES public.django_content_type(id) DEFERRABLE INITIALLY DEFERRED;


--
-- Name: auth_user_groups auth_user_groups_group_id_97559544_fk_auth_group_id; Type: FK CONSTRAINT; Schema: public; Owner: postgres
--

ALTER TABLE ONLY public.auth_user_groups
    ADD CONSTRAINT auth_user_groups_group_id_97559544_fk_auth_group_id FOREIGN KEY (group_id) REFERENCES public.auth_group(id) DEFERRABLE INITIALLY DEFERRED;


--
-- Name: auth_user_groups auth_user_groups_user_id_6a12ed8b_fk_auth_user_id; Type: FK CONSTRAINT; Schema: public; Owner: postgres
--

ALTER TABLE ONLY public.auth_user_groups
    ADD CONSTRAINT auth_user_groups_user_id_6a12ed8b_fk_auth_user_id FOREIGN KEY (user_id) REFERENCES public.auth_user(id) DEFERRABLE INITIALLY DEFERRED;


--
-- Name: auth_user_user_permissions auth_user_user_permi_permission_id_1fbb5f2c_fk_auth_perm; Type: FK CONSTRAINT; Schema: public; Owner: postgres
--

ALTER TABLE ONLY public.auth_user_user_permissions
    ADD CONSTRAINT auth_user_user_permi_permission_id_1fbb5f2c_fk_auth_perm FOREIGN KEY (permission_id) REFERENCES public.auth_permission(id) DEFERRABLE INITIALLY DEFERRED;


--
-- Name: auth_user_user_permissions auth_user_user_permissions_user_id_a95ead1b_fk_auth_user_id; Type: FK CONSTRAINT; Schema: public; Owner: postgres
--

ALTER TABLE ONLY public.auth_user_user_permissions
    ADD CONSTRAINT auth_user_user_permissions_user_id_a95ead1b_fk_auth_user_id FOREIGN KEY (user_id) REFERENCES public.auth_user(id) DEFERRABLE INITIALLY DEFERRED;


--
-- Name: django_admin_log django_admin_log_content_type_id_c4bce8eb_fk_django_co; Type: FK CONSTRAINT; Schema: public; Owner: postgres
--

ALTER TABLE ONLY public.django_admin_log
    ADD CONSTRAINT django_admin_log_content_type_id_c4bce8eb_fk_django_co FOREIGN KEY (content_type_id) REFERENCES public.django_content_type(id) DEFERRABLE INITIALLY DEFERRED;


--
-- Name: django_admin_log django_admin_log_user_id_c564eba6_fk_auth_user_id; Type: FK CONSTRAINT; Schema: public; Owner: postgres
--

ALTER TABLE ONLY public.django_admin_log
    ADD CONSTRAINT django_admin_log_user_id_c564eba6_fk_auth_user_id FOREIGN KEY (user_id) REFERENCES public.auth_user(id) DEFERRABLE INITIALLY DEFERRED;


--
-- PostgreSQL database dump complete
--

